spot_id	x	y	clusternum
evenBo15.oddBo59	35	37	1572
evenBo34.oddBo68	16	28	2204
evenBo16.oddBo43	34	53	871
evenBo35.oddBo59	15	37	1696
evenBo14.oddBo41	36	55	777
evenBo13.oddBo56	37	40	943
evenBo18.oddBo26	32	70	1764
evenBo19.oddBo36	31	60	808
evenBo50.oddBo55	0	41	516
evenBo41.oddBo62	9	34	1518
evenBo24.oddBo48	26	48	774
evenBo18.oddBo55	32	41	1118
evenBo34.oddBo65	16	31	1946
evenBo33.oddBo59	17	37	1072
evenBo43.oddBo27	7	69	496
evenBo35.oddBo29	15	67	1113
evenBo14.oddBo38	36	58	1736
evenBo36.oddBo62	14	34	1976
evenBo14.oddBo62	36	34	2087
evenBo19.oddBo41	31	55	1056
evenBo17.oddBo33	33	63	660
evenBo30.oddBo66	20	30	1304
evenBo37.oddBo43	13	53	1481
evenBo20.oddBo21	30	75	1576
evenBo27.oddBo8	23	88	252
evenBo29.oddBo35	21	61	675
evenBo25.oddBo61	25	35	983
evenBo24.oddBo61	26	35	955
evenBo30.oddBo50	20	46	861
evenBo19.oddBo59	31	37	1936
evenBo33.oddBo42	17	54	572
evenBo41.oddBo47	9	49	1307
evenBo49.oddBo24	1	72	719
evenBo6.oddBo44	44	52	441
evenBo47.oddBo51	3	45	792
evenBo43.oddBo56	7	40	1469
evenBo36.oddBo45	14	51	919
evenBo26.oddBo51	24	45	2687
evenBo36.oddBo56	14	40	1430
evenBo14.oddBo46	36	50	521
evenBo24.oddBo58	26	38	2317
evenBo23.oddBo57	27	39	2261
evenBo27.oddBo59	23	37	1050
evenBo35.oddBo60	15	36	1684
evenBo35.oddBo48	15	48	1478
evenBo36.oddBo69	14	27	1477
evenBo42.oddBo20	8	76	1316
evenBo38.oddBo11	12	85	773
evenBo24.oddBo38	26	58	1488
evenBo32.oddBo62	18	34	1587
evenBo45.oddBo12	5	84	357
evenBo31.oddBo59	19	37	895
evenBo14.oddBo33	36	63	778
evenBo35.oddBo57	15	39	2793
evenBo39.oddBo60	11	36	1042
evenBo21.oddBo54	29	42	1931
evenBo10.oddBo38	40	58	808
evenBo18.oddBo51	32	45	1439
evenBo15.oddBo53	35	43	1155
evenBo17.oddBo57	33	39	1937
evenBo12.oddBo39	38	57	622
evenBo40.oddBo67	10	29	1872
evenBo43.oddBo67	7	29	1047
evenBo15.oddBo21	35	75	943
evenBo16.oddBo21	34	75	3466
evenBo35.oddBo70	15	26	1828
evenBo33.oddBo41	17	55	732
evenBo16.oddBo41	34	55	793
evenBo33.oddBo63	17	33	2439
evenBo29.oddBo52	21	44	1220
evenBo44.oddBo32	6	64	588
evenBo24.oddBo55	26	41	1019
evenBo38.oddBo64	12	32	2367
evenBo25.oddBo32	25	64	566
evenBo13.oddBo53	37	43	1234
evenBo50.oddBo22	0	74	354
evenBo9.oddBo39	41	57	375
evenBo20.oddBo47	30	49	993
evenBo34.oddBo69	16	27	2117
evenBo22.oddBo1	28	95	447
evenBo37.oddBo62	13	34	2185
evenBo18.oddBo34	32	62	571
evenBo25.oddBo62	25	34	1552
evenBo30.oddBo6	20	90	971
evenBo20.oddBo53	30	43	1859
evenBo10.oddBo24	40	72	348
evenBo35.oddBo63	15	33	3033
evenBo41.oddBo21	9	75	2097
evenBo33.oddBo46	17	50	927
evenBo45.oddBo58	5	38	1257
evenBo18.oddBo52	32	44	963
evenBo27.oddBo57	23	39	1428
evenBo35.oddBo43	15	53	1508
evenBo40.oddBo47	10	49	1160
evenBo29.oddBo31	21	65	658
evenBo19.oddBo65	31	31	916
evenBo24.oddBo52	26	44	1118
evenBo45.oddBo19	5	77	2870
evenBo11.oddBo47	39	49	546
evenBo9.oddBo49	41	47	504
evenBo42.oddBo21	8	75	2622
evenBo15.oddBo58	35	38	1758
evenBo9.oddBo33	41	63	448
evenBo36.oddBo57	14	39	1203
evenBo23.oddBo41	27	55	758
evenBo29.oddBo56	21	40	1330
evenBo14.oddBo56	36	40	1664
evenBo10.oddBo37	40	59	633
evenBo22.oddBo58	28	38	1373
evenBo28.oddBo63	22	33	1997
evenBo30.oddBo18	20	78	273
evenBo43.oddBo16	7	80	2180
evenBo24.oddBo67	26	29	1569
evenBo47.oddBo23	3	73	1353
evenBo29.oddBo54	21	42	1983
evenBo32.oddBo45	18	51	609
evenBo38.oddBo47	12	49	1106
evenBo44.oddBo53	6	43	963
evenBo41.oddBo38	9	58	951
evenBo29.oddBo23	21	73	495
evenBo46.oddBo57	4	39	988
evenBo38.oddBo13	12	83	1224
evenBo17.oddBo41	33	55	811
evenBo14.oddBo54	36	42	1316
evenBo33.oddBo58	17	38	2338
evenBo35.oddBo44	15	52	1197
evenBo20.oddBo57	30	39	1597
evenBo3.oddBo56	47	40	174
evenBo41.oddBo46	9	50	1363
evenBo45.oddBo22	5	74	1612
evenBo40.oddBo14	10	82	1433
evenBo33.oddBo30	17	66	734
evenBo28.oddBo62	22	34	1615
evenBo26.oddBo53	24	43	1483
evenBo36.oddBo58	14	38	2105
evenBo20.oddBo40	30	56	704
evenBo44.oddBo28	6	68	901
evenBo34.oddBo53	16	43	1618
evenBo23.oddBo63	27	33	1400
evenBo19.oddBo67	31	29	964
evenBo18.oddBo58	32	38	1439
evenBo40.oddBo37	10	59	1100
evenBo14.oddBo39	36	57	804
evenBo40.oddBo61	10	35	1585
evenBo49.oddBo58	1	38	782
evenBo19.oddBo50	31	46	945
evenBo29.oddBo65	21	31	1254
evenBo17.oddBo56	33	40	2202
evenBo47.oddBo59	3	37	809
evenBo44.oddBo14	6	82	819
evenBo34.oddBo50	16	46	1103
evenBo8.oddBo53	42	43	879
evenBo10.oddBo52	40	44	776
evenBo33.oddBo65	17	31	1203
evenBo37.oddBo13	13	83	754
evenBo37.oddBo50	13	46	836
evenBo16.oddBo62	34	34	1119
evenBo36.oddBo51	14	45	1590
evenBo26.oddBo56	24	40	2102
evenBo22.oddBo53	28	43	1466
evenBo40.oddBo58	10	38	2031
evenBo38.oddBo63	12	33	3061
evenBo20.oddBo27	30	69	825
evenBo8.oddBo37	42	59	679
evenBo36.oddBo66	14	30	1194
evenBo6.oddBo43	44	53	1371
evenBo35.oddBo30	15	66	1033
evenBo33.oddBo57	17	39	1180
evenBo24.oddBo35	26	61	1058
evenBo14.oddBo61	36	35	2400
evenBo11.oddBo38	39	58	631
evenBo18.oddBo60	32	36	960
evenBo18.oddBo20	32	76	798
evenBo14.oddBo29	36	67	1321
evenBo34.oddBo57	16	39	2386
evenBo33.oddBo56	17	40	615
evenBo35.oddBo52	15	44	1104
evenBo33.oddBo61	17	35	1445
evenBo26.oddBo39	24	57	709
evenBo45.oddBo54	5	42	656
evenBo31.oddBo48	19	48	649
evenBo34.oddBo15	16	81	863
evenBo44.oddBo23	6	73	1376
evenBo20.oddBo51	30	45	981
evenBo34.oddBo29	16	67	832
evenBo40.oddBo63	10	33	2239
evenBo13.oddBo61	37	35	702
evenBo42.oddBo41	8	55	706
evenBo39.oddBo69	11	27	1379
evenBo24.oddBo64	26	32	1162
evenBo44.oddBo59	6	37	1229
evenBo21.oddBo67	29	29	1021
evenBo21.oddBo58	29	38	842
evenBo20.oddBo5	30	91	177
evenBo34.oddBo52	16	44	1402
evenBo35.oddBo51	15	45	3127
evenBo30.oddBo67	20	29	1821
evenBo33.oddBo51	17	45	1666
evenBo40.oddBo60	10	36	1726
evenBo45.oddBo2	5	94	250
evenBo28.oddBo51	22	45	2312
evenBo45.oddBo69	5	27	1088
evenBo42.oddBo27	8	69	871
evenBo10.oddBo59	40	37	476
evenBo35.oddBo66	15	30	1946
evenBo13.oddBo48	37	48	693
evenBo14.oddBo53	36	43	2242
evenBo19.oddBo26	31	70	1816
evenBo30.oddBo25	20	71	489
evenBo25.oddBo55	25	41	1247
evenBo7.oddBo35	43	61	629
evenBo9.oddBo38	41	58	797
evenBo43.oddBo44	7	52	524
evenBo49.oddBo63	1	33	1069
evenBo28.oddBo67	22	29	1325
evenBo9.oddBo51	41	45	1141
evenBo36.oddBo67	14	29	1777
evenBo17.oddBo20	33	76	1751
evenBo24.oddBo53	26	43	1846
evenBo35.oddBo58	15	38	2136
evenBo7.oddBo22	43	74	497
evenBo41.oddBo51	9	45	1202
evenBo41.oddBo67	9	29	1656
evenBo37.oddBo59	13	37	2038
evenBo30.oddBo58	20	38	1039
evenBo21.oddBo62	29	34	550
evenBo50.oddBo63	0	33	920
evenBo25.oddBo57	25	39	1438
evenBo38.oddBo39	12	57	903
evenBo50.oddBo62	0	34	786
evenBo31.oddBo44	19	52	1049
evenBo42.oddBo16	8	80	2244
evenBo21.oddBo69	29	27	764
evenBo12.oddBo56	38	40	1265
evenBo47.oddBo18	3	78	830
evenBo12.oddBo57	38	39	1275
evenBo50.oddBo70	0	26	816
evenBo15.oddBo62	35	34	1356
evenBo34.oddBo51	16	45	2462
evenBo37.oddBo66	13	30	1716
evenBo39.oddBo33	11	63	431
evenBo36.oddBo22	14	74	1207
evenBo46.oddBo21	4	75	1924
evenBo38.oddBo67	12	29	2718
evenBo29.oddBo28	21	68	1035
evenBo35.oddBo62	15	34	2334
evenBo23.oddBo66	27	30	1389
evenBo43.oddBo65	7	31	1091
evenBo49.oddBo67	1	29	921
evenBo17.oddBo13	33	83	990
evenBo33.oddBo68	17	28	1736
evenBo8.oddBo36	42	60	451
evenBo10.oddBo49	40	47	428
evenBo45.oddBo21	5	75	2748
evenBo27.oddBo56	23	40	1416
evenBo32.oddBo69	18	27	1859
evenBo20.oddBo64	30	32	597
evenBo40.oddBo66	10	30	1996
evenBo29.oddBo63	21	33	1661
evenBo43.oddBo57	7	39	1033
evenBo46.oddBo66	4	30	545
evenBo26.oddBo63	24	33	2018
evenBo34.oddBo66	16	30	1887
evenBo14.oddBo49	36	47	772
evenBo38.oddBo58	12	38	2924
evenBo16.oddBo56	34	40	2006
evenBo50.oddBo60	0	36	693
evenBo37.oddBo67	13	29	2124
evenBo13.oddBo63	37	33	891
evenBo38.oddBo66	12	30	2248
evenBo33.oddBo45	17	51	1086
evenBo48.oddBo54	2	42	776
evenBo35.oddBo9	15	87	1035
evenBo29.oddBo57	21	39	1744
evenBo42.oddBo54	8	42	2009
evenBo34.oddBo59	16	37	1969
evenBo26.oddBo67	24	29	2155
evenBo38.oddBo60	12	36	1933
evenBo14.oddBo58	36	38	2747
evenBo38.oddBo51	12	45	1383
evenBo23.oddBo58	27	38	2860
evenBo16.oddBo61	34	35	984
evenBo38.oddBo53	12	43	1281
evenBo17.oddBo59	33	37	1700
evenBo38.oddBo14	12	82	2058
evenBo18.oddBo16	32	80	423
evenBo37.oddBo61	13	35	2292
evenBo49.oddBo57	1	39	1414
evenBo22.oddBo43	28	53	998
evenBo15.oddBo51	35	45	873
evenBo35.oddBo65	15	31	1749
evenBo35.oddBo38	15	58	1327
evenBo18.oddBo53	32	43	2254
evenBo19.oddBo55	31	41	1618
evenBo39.oddBo22	11	74	776
evenBo15.oddBo15	35	81	523
evenBo11.oddBo57	39	39	796
evenBo38.oddBo20	12	76	578
evenBo26.oddBo47	24	49	1350
evenBo31.oddBo62	19	34	1993
evenBo8.oddBo69	42	27	247
evenBo43.oddBo41	7	55	313
evenBo48.oddBo22	2	74	1190
evenBo14.oddBo60	36	36	1802
evenBo21.oddBo55	29	41	1199
evenBo37.oddBo56	13	40	2437
evenBo21.oddBo53	29	43	1373
evenBo25.oddBo49	25	47	724
evenBo25.oddBo50	25	46	678
evenBo19.oddBo40	31	56	622
evenBo7.oddBo40	43	56	622
evenBo9.oddBo54	41	42	704
evenBo41.oddBo58	9	38	1728
evenBo34.oddBo23	16	73	1224
evenBo39.oddBo59	11	37	1281
evenBo21.oddBo60	29	36	1070
evenBo38.oddBo29	12	67	605
evenBo20.oddBo49	30	47	1150
evenBo33.oddBo69	17	27	1614
evenBo16.oddBo69	34	27	724
evenBo17.oddBo43	33	53	1094
evenBo35.oddBo68	15	28	2377
evenBo14.oddBo48	36	48	1089
evenBo34.oddBo18	16	78	1794
evenBo44.oddBo37	6	59	599
evenBo11.oddBo70	39	26	568
evenBo34.oddBo16	16	80	1735
evenBo38.oddBo70	12	26	1500
evenBo36.oddBo16	14	80	1185
evenBo7.oddBo59	43	37	487
evenBo20.oddBo67	30	29	1335
evenBo38.oddBo56	12	40	2670
evenBo47.oddBo55	3	41	527
evenBo31.oddBo45	19	51	860
evenBo22.oddBo65	28	31	1464
evenBo31.oddBo68	19	28	1369
evenBo23.oddBo69	27	27	1044
evenBo5.oddBo31	45	65	103
evenBo48.oddBo23	2	73	1427
evenBo18.oddBo57	32	39	1662
evenBo7.oddBo28	43	68	778
evenBo26.oddBo58	24	38	1492
evenBo18.oddBo59	32	37	1378
evenBo28.oddBo70	22	26	1194
evenBo29.oddBo51	21	45	2021
evenBo24.oddBo62	26	34	1385
evenBo38.oddBo61	12	35	1888
evenBo14.oddBo66	36	30	732
evenBo36.oddBo15	14	81	1525
evenBo25.oddBo60	25	36	1109
evenBo20.oddBo37	30	59	916
evenBo21.oddBo51	29	45	1060
evenBo32.oddBo16	18	80	358
evenBo37.oddBo35	13	61	1089
evenBo46.oddBo33	4	63	860
evenBo31.oddBo46	19	50	756
evenBo9.oddBo53	41	43	899
evenBo14.oddBo36	36	60	915
evenBo14.oddBo59	36	37	2485
evenBo25.oddBo58	25	38	1519
evenBo19.oddBo10	31	86	719
evenBo20.oddBo23	30	73	994
evenBo37.oddBo55	13	41	766
evenBo39.oddBo70	11	26	1059
evenBo18.oddBo38	32	58	1201
evenBo15.oddBo60	35	36	1075
evenBo19.oddBo21	31	75	1883
evenBo30.oddBo65	20	31	1844
evenBo40.oddBo50	10	46	909
evenBo19.oddBo22	31	74	1633
evenBo40.oddBo33	10	63	680
evenBo29.oddBo53	21	43	2001
evenBo41.oddBo17	9	79	442
evenBo45.oddBo20	5	76	4427
evenBo24.oddBo69	26	27	1466
evenBo35.oddBo67	15	29	2045
evenBo42.oddBo53	8	43	2318
evenBo42.oddBo59	8	37	1153
evenBo20.oddBo22	30	74	1251
evenBo49.oddBo21	1	75	854
evenBo23.oddBo27	27	69	1102
evenBo42.oddBo67	8	29	1721
evenBo24.oddBo26	26	70	643
evenBo40.oddBo70	10	26	1015
evenBo27.oddBo61	23	35	1138
evenBo15.oddBo56	35	40	1334
evenBo35.oddBo15	15	81	1397
evenBo6.oddBo28	44	68	265
evenBo20.oddBo9	30	87	370
evenBo42.oddBo25	8	71	1009
evenBo41.oddBo70	9	26	802
evenBo34.oddBo17	16	79	2082
evenBo33.oddBo27	17	69	591
evenBo26.oddBo38	24	58	959
evenBo32.oddBo58	18	38	1763
evenBo35.oddBo34	15	62	1307
evenBo50.oddBo67	0	29	1125
evenBo24.oddBo43	26	53	1064
evenBo5.oddBo33	45	63	227
evenBo24.oddBo59	26	37	1423
evenBo8.oddBo41	42	55	571
evenBo46.oddBo43	4	53	948
evenBo33.oddBo66	17	30	1712
evenBo35.oddBo54	15	42	1585
evenBo27.oddBo68	23	28	1094
evenBo37.oddBo70	13	26	1215
evenBo5.oddBo50	45	46	343
evenBo37.oddBo69	13	27	1727
evenBo27.oddBo67	23	29	1591
evenBo12.oddBo55	38	41	920
evenBo29.oddBo3	21	93	360
evenBo45.oddBo34	5	62	846
evenBo29.oddBo38	21	58	933
evenBo44.oddBo20	6	76	3718
evenBo29.oddBo55	21	41	1226
evenBo25.oddBo56	25	40	2229
evenBo45.oddBo28	5	68	1008
evenBo42.oddBo44	8	52	918
evenBo17.oddBo55	33	41	1300
evenBo48.oddBo60	2	36	605
evenBo13.oddBo55	37	41	610
evenBo6.oddBo38	44	58	468
evenBo16.oddBo28	34	68	805
evenBo42.oddBo62	8	34	1334
evenBo21.oddBo47	29	49	842
evenBo22.oddBo22	28	74	530
evenBo36.oddBo30	14	66	776
evenBo31.oddBo20	19	76	518
evenBo28.oddBo69	22	27	1342
evenBo16.oddBo55	34	41	1500
evenBo48.oddBo28	2	68	1245
evenBo24.oddBo63	26	33	1760
evenBo43.oddBo19	7	77	759
evenBo42.oddBo23	8	73	1339
evenBo14.oddBo28	36	68	946
evenBo10.oddBo44	40	52	360
evenBo30.oddBo62	20	34	1555
evenBo8.oddBo52	42	44	596
evenBo45.oddBo26	5	70	821
evenBo40.oddBo64	10	32	1584
evenBo36.oddBo63	14	33	2180
evenBo29.oddBo37	21	59	831
evenBo48.oddBo32	2	64	486
evenBo8.oddBo54	42	42	549
evenBo24.oddBo49	26	47	1044
evenBo31.oddBo63	19	33	2941
evenBo11.oddBo20	39	76	271
evenBo18.oddBo56	32	40	1731
evenBo48.oddBo20	2	76	1100
evenBo14.oddBo37	36	59	1232
evenBo18.oddBo22	32	74	1309
evenBo32.oddBo67	18	29	2389
evenBo22.oddBo63	28	33	1038
evenBo20.oddBo44	30	52	796
evenBo19.oddBo48	31	48	1006
evenBo25.oddBo51	25	45	1435
evenBo38.oddBo69	12	27	2342
evenBo43.oddBo26	7	70	599
evenBo42.oddBo61	8	35	1059
evenBo35.oddBo37	15	59	1646
evenBo34.oddBo67	16	29	2532
evenBo9.oddBo37	41	59	767
evenBo40.oddBo21	10	75	2100
evenBo5.oddBo52	45	44	287
evenBo47.oddBo22	3	74	1149
evenBo18.oddBo21	32	75	1759
evenBo48.oddBo69	2	27	1170
evenBo36.oddBo21	14	75	1129
evenBo38.oddBo45	12	51	737
evenBo45.oddBo18	5	78	1700
evenBo29.oddBo68	21	28	754
evenBo35.oddBo16	15	80	2611
evenBo16.oddBo57	34	39	1611
evenBo2.oddBo27	48	69	123
evenBo28.oddBo50	22	46	864
evenBo34.oddBo19	16	77	922
evenBo41.oddBo63	9	33	2487
evenBo46.oddBo70	4	26	1154
evenBo24.oddBo68	26	28	1399
evenBo22.oddBo35	28	61	634
evenBo13.oddBo64	37	32	382
evenBo24.oddBo36	26	60	851
evenBo26.oddBo69	24	27	1374
evenBo27.oddBo65	23	31	1406
evenBo30.oddBo57	20	39	1086
evenBo42.oddBo18	8	78	553
evenBo7.oddBo41	43	55	458
evenBo23.oddBo53	27	43	2138
evenBo28.oddBo57	22	39	1435
evenBo27.oddBo58	23	38	1341
evenBo28.oddBo41	22	55	640
evenBo6.oddBo64	44	32	177
evenBo16.oddBo22	34	74	814
evenBo35.oddBo61	15	35	1775
evenBo38.oddBo27	12	69	772
evenBo7.oddBo46	43	50	787
evenBo40.oddBo56	10	40	1303
evenBo19.oddBo35	31	61	701
evenBo40.oddBo65	10	31	1511
evenBo32.oddBo63	18	33	2082
evenBo46.oddBo24	4	72	1037
evenBo17.oddBo51	33	45	1208
evenBo18.oddBo62	32	34	721
evenBo4.oddBo46	46	50	541
evenBo22.oddBo24	28	72	719
evenBo18.oddBo30	32	66	805
evenBo48.oddBo27	2	69	638
evenBo7.oddBo53	43	43	350
evenBo19.oddBo57	31	39	2060
evenBo15.oddBo68	35	28	471
evenBo32.oddBo8	18	88	498
evenBo19.oddBo60	31	36	1410
evenBo32.oddBo65	18	31	1602
evenBo32.oddBo68	18	28	1352
evenBo19.oddBo14	31	82	339
evenBo30.oddBo37	20	59	1015
evenBo22.oddBo23	28	73	686
evenBo21.oddBo66	29	30	1014
evenBo49.oddBo25	1	71	771
evenBo22.oddBo54	28	42	1599
evenBo42.oddBo36	8	60	863
evenBo14.oddBo63	36	33	1196
evenBo50.oddBo65	0	31	591
evenBo30.oddBo70	20	26	843
evenBo31.oddBo51	19	45	1744
evenBo15.oddBo57	35	39	1907
evenBo17.oddBo39	33	57	587
evenBo41.oddBo31	9	65	867
evenBo26.oddBo31	24	65	715
evenBo29.oddBo58	21	38	1355
evenBo50.oddBo57	0	39	677
evenBo47.oddBo33	3	63	651
evenBo15.oddBo37	35	59	548
evenBo27.oddBo36	23	60	608
evenBo26.oddBo42	24	54	865
evenBo39.oddBo54	11	42	517
evenBo44.oddBo29	6	67	784
evenBo19.oddBo53	31	43	2061
evenBo38.oddBo37	12	59	1359
evenBo15.oddBo55	35	41	625
evenBo25.oddBo63	25	33	1507
evenBo19.oddBo49	31	47	935
evenBo33.oddBo1	17	95	391
evenBo41.oddBo36	9	60	764
evenBo35.oddBo23	15	73	1073
evenBo35.oddBo25	15	71	1050
evenBo32.oddBo49	18	47	712
evenBo28.oddBo53	22	43	2095
evenBo34.oddBo8	16	88	763
evenBo45.oddBo33	5	63	796
evenBo13.oddBo50	37	46	710
evenBo33.oddBo21	17	75	1382
evenBo43.oddBo61	7	35	547
evenBo31.oddBo32	19	64	515
evenBo7.oddBo49	43	47	525
evenBo41.oddBo37	9	59	1149
evenBo22.oddBo70	28	26	725
evenBo35.oddBo45	15	51	1226
evenBo28.oddBo54	22	42	2092
evenBo21.oddBo70	29	26	494
evenBo43.oddBo63	7	33	889
evenBo15.oddBo65	35	31	734
evenBo34.oddBo34	16	62	945
evenBo26.oddBo65	24	31	1692
evenBo16.oddBo53	34	43	1631
evenBo35.oddBo42	15	54	805
evenBo10.oddBo39	40	57	608
evenBo19.oddBo37	31	59	855
evenBo23.oddBo68	27	28	1079
evenBo21.oddBo31	29	65	565
evenBo29.oddBo29	21	67	1032
evenBo14.oddBo34	36	62	728
evenBo9.oddBo24	41	72	502
evenBo50.oddBo24	0	72	630
evenBo19.oddBo54	31	42	1627
evenBo25.oddBo30	25	66	741
evenBo16.oddBo51	34	45	901
evenBo23.oddBo51	27	45	1383
evenBo43.oddBo55	7	41	961
evenBo12.oddBo43	38	53	562
evenBo23.oddBo55	27	41	845
evenBo14.oddBo17	36	79	242
evenBo30.oddBo43	20	53	996
evenBo17.oddBo40	33	56	531
evenBo31.oddBo53	19	43	1360
evenBo42.oddBo47	8	49	1040
evenBo14.oddBo40	36	56	765
evenBo18.oddBo54	32	42	1641
evenBo20.oddBo28	30	68	725
evenBo47.oddBo69	3	27	1443
evenBo10.oddBo62	40	34	411
evenBo43.oddBo21	7	75	1942
evenBo41.oddBo55	9	41	612
evenBo25.oddBo66	25	30	1428
evenBo29.oddBo7	21	89	306
evenBo23.oddBo26	27	70	898
evenBo40.oddBo59	10	37	1519
evenBo36.oddBo54	14	42	1236
evenBo42.oddBo15	8	81	1452
evenBo21.oddBo24	29	72	936
evenBo16.oddBo29	34	67	415
evenBo2.oddBo3	48	93	218
evenBo11.oddBo42	39	54	435
evenBo38.oddBo43	12	53	1184
evenBo35.oddBo69	15	27	2389
evenBo38.oddBo65	12	31	2210
evenBo20.oddBo26	30	70	1415
evenBo38.oddBo28	12	68	758
evenBo38.oddBo16	12	80	621
evenBo17.oddBo54	33	42	1913
evenBo31.oddBo58	19	38	1050
evenBo24.oddBo65	26	31	1521
evenBo33.oddBo22	17	74	1059
evenBo37.oddBo49	13	47	747
evenBo37.oddBo26	13	70	876
evenBo19.oddBo58	31	38	1727
evenBo38.oddBo36	12	60	751
evenBo13.oddBo47	37	49	587
evenBo40.oddBo52	10	44	1026
evenBo34.oddBo54	16	42	1571
evenBo19.oddBo38	31	58	1124
evenBo25.oddBo43	25	53	807
evenBo42.oddBo60	8	36	1351
evenBo50.oddBo58	0	38	761
evenBo47.oddBo20	3	76	1247
evenBo22.oddBo61	28	35	906
evenBo21.oddBo49	29	47	785
evenBo15.oddBo63	35	33	1319
evenBo33.oddBo34	17	62	617
evenBo27.oddBo53	23	43	1777
evenBo25.oddBo48	25	48	617
evenBo25.oddBo59	25	37	1658
evenBo18.oddBo66	32	30	905
evenBo47.oddBo19	3	77	1152
evenBo18.oddBo49	32	47	902
evenBo1.oddBo68	49	28	185
evenBo8.oddBo51	42	45	1152
evenBo13.oddBo30	37	66	1503
evenBo31.oddBo65	19	31	1341
evenBo12.oddBo58	38	38	1553
evenBo27.oddBo33	23	63	538
evenBo34.oddBo25	16	71	1189
evenBo47.oddBo31	3	65	343
evenBo41.oddBo65	9	31	1859
evenBo16.oddBo39	34	57	673
evenBo34.oddBo63	16	33	2407
evenBo34.oddBo48	16	48	1386
evenBo17.oddBo58	33	38	1544
evenBo11.oddBo46	39	50	530
evenBo43.oddBo47	7	49	562
evenBo32.oddBo60	18	36	1108
evenBo28.oddBo64	22	32	966
evenBo32.oddBo35	18	61	470
evenBo17.oddBo61	33	35	812
evenBo17.oddBo21	33	75	3525
evenBo44.oddBo18	6	78	1901
evenBo40.oddBo40	10	56	697
evenBo28.oddBo59	22	37	1462
evenBo12.oddBo63	38	33	966
evenBo37.oddBo57	13	39	1533
evenBo10.oddBo50	40	46	515
evenBo25.oddBo28	25	68	907
evenBo37.oddBo31	13	65	647
evenBo41.oddBo57	9	39	1393
evenBo16.oddBo20	34	76	854
evenBo14.oddBo57	36	39	1885
evenBo4.oddBo30	46	66	183
evenBo13.oddBo29	37	67	1025
evenBo44.oddBo16	6	80	1738
evenBo41.oddBo22	9	74	1312
evenBo32.oddBo37	18	59	569
evenBo47.oddBo34	3	62	477
evenBo6.oddBo40	44	56	330
evenBo8.oddBo65	42	31	528
evenBo31.oddBo37	19	59	1022
evenBo23.oddBo56	27	40	1206
evenBo47.oddBo32	3	64	434
evenBo20.oddBo35	30	61	639
evenBo35.oddBo49	15	47	1051
evenBo50.oddBo66	0	30	805
evenBo10.oddBo54	40	42	882
evenBo32.oddBo20	18	76	758
evenBo27.oddBo60	23	36	1245
evenBo18.oddBo35	32	61	661
evenBo16.oddBo48	34	48	587
evenBo36.oddBo20	14	76	524
evenBo16.oddBo40	34	56	573
evenBo3.oddBo64	47	32	132
evenBo27.oddBo52	23	44	1453
evenBo34.oddBo64	16	32	1571
evenBo36.oddBo35	14	61	871
evenBo21.oddBo68	29	28	598
evenBo41.oddBo15	9	81	1458
evenBo45.oddBo15	5	81	924
evenBo8.oddBo49	42	47	1310
evenBo32.oddBo23	18	73	296
evenBo43.oddBo64	7	32	845
evenBo13.oddBo57	37	39	1051
evenBo39.oddBo65	11	31	1378
evenBo47.oddBo21	3	75	1517
evenBo11.oddBo30	39	66	270
evenBo17.oddBo16	33	80	502
evenBo49.oddBo19	1	77	712
evenBo42.oddBo37	8	59	1152
evenBo39.oddBo66	11	30	1010
evenBo27.oddBo48	23	48	714
evenBo17.oddBo53	33	43	1427
evenBo16.oddBo66	34	30	821
evenBo20.oddBo20	30	76	437
evenBo29.oddBo39	21	57	527
evenBo6.oddBo42	44	54	855
evenBo26.oddBo41	24	55	924
evenBo10.oddBo16	40	80	236
evenBo7.oddBo38	43	58	866
evenBo22.oddBo38	28	58	817
evenBo32.oddBo57	18	39	1147
evenBo24.oddBo56	26	40	2119
evenBo48.oddBo68	2	28	867
evenBo25.oddBo54	25	42	1255
evenBo31.oddBo64	19	32	1518
evenBo31.oddBo56	19	40	1113
evenBo12.oddBo59	38	37	1310
evenBo26.oddBo57	24	39	2933
evenBo41.oddBo68	9	28	1001
evenBo36.oddBo61	14	35	1584
evenBo19.oddBo52	31	44	1010
evenBo25.oddBo65	25	31	1542
evenBo19.oddBo47	31	49	1014
evenBo7.oddBo63	43	33	291
evenBo24.oddBo54	26	42	1990
evenBo29.oddBo70	21	26	937
evenBo18.oddBo63	32	33	829
evenBo34.oddBo12	16	84	584
evenBo50.oddBo54	0	42	566
evenBo14.oddBo22	36	74	564
evenBo20.oddBo25	30	71	1204
evenBo31.oddBo66	19	30	1630
evenBo18.oddBo40	32	56	831
evenBo22.oddBo67	28	29	1450
evenBo43.oddBo58	7	38	639
evenBo21.oddBo40	29	56	789
evenBo46.oddBo19	4	77	1355
evenBo15.oddBo38	35	58	764
evenBo26.oddBo45	24	51	790
evenBo16.oddBo7	34	89	241
evenBo43.oddBo20	7	76	1812
evenBo23.oddBo65	27	31	1338
evenBo41.oddBo32	9	64	1023
evenBo21.oddBo57	29	39	1422
evenBo36.oddBo46	14	50	1121
evenBo16.oddBo42	34	54	522
evenBo27.oddBo51	23	45	2519
evenBo37.oddBo42	13	54	739
evenBo23.oddBo34	27	62	526
evenBo31.oddBo70	19	26	1123
evenBo28.oddBo61	22	35	1328
evenBo2.oddBo16	48	80	156
evenBo20.oddBo33	30	63	705
evenBo37.oddBo36	13	60	644
evenBo34.oddBo60	16	36	1787
evenBo32.oddBo24	18	72	406
evenBo11.oddBo37	39	59	780
evenBo19.oddBo46	31	50	663
evenBo16.oddBo60	34	36	956
evenBo21.oddBo56	29	40	1551
evenBo46.oddBo56	4	40	970
evenBo28.oddBo60	22	36	1308
evenBo6.oddBo45	44	51	392
evenBo46.oddBo68	4	28	969
evenBo15.oddBo32	35	64	377
evenBo21.oddBo48	29	48	757
evenBo44.oddBo27	6	69	470
evenBo17.oddBo36	33	60	1221
evenBo24.oddBo37	26	59	1358
evenBo45.oddBo70	5	26	807
evenBo34.oddBo49	16	47	1034
evenBo45.oddBo16	5	80	2201
evenBo33.oddBo8	17	88	838
evenBo29.oddBo46	21	50	700
evenBo24.oddBo29	26	67	859
evenBo19.oddBo13	31	83	384
evenBo42.oddBo66	8	30	1530
evenBo28.oddBo43	22	53	785
evenBo29.oddBo66	21	30	1164
evenBo16.oddBo32	34	64	566
evenBo37.oddBo63	13	33	2525
evenBo40.oddBo57	10	39	1303
evenBo43.oddBo17	7	79	1244
evenBo46.oddBo65	4	31	559
evenBo10.oddBo31	40	65	451
evenBo37.oddBo30	13	66	810
evenBo24.oddBo50	26	46	835
evenBo29.oddBo50	21	46	1118
evenBo46.oddBo58	4	38	1216
evenBo26.oddBo40	24	56	893
evenBo44.oddBo22	6	74	1292
evenBo39.oddBo13	11	83	620
evenBo26.oddBo60	24	36	1145
evenBo20.oddBo54	30	42	1246
evenBo20.oddBo36	30	60	951
evenBo34.oddBo20	16	76	999
evenBo45.oddBo23	5	73	1886
evenBo11.oddBo36	39	60	301
evenBo44.oddBo43	6	53	564
evenBo41.oddBo61	9	35	1413
evenBo42.oddBo39	8	57	784
evenBo27.oddBo64	23	32	1321
evenBo43.oddBo33	7	63	465
evenBo1.oddBo45	49	51	194
evenBo19.oddBo29	31	67	664
evenBo35.oddBo28	15	68	1214
evenBo32.oddBo17	18	79	209
evenBo42.oddBo34	8	62	599
evenBo23.oddBo39	27	57	972
evenBo25.oddBo67	25	29	1822
evenBo36.oddBo43	14	53	1205
evenBo8.oddBo56	42	40	447
evenBo39.oddBo57	11	39	1181
evenBo47.oddBo25	3	71	927
evenBo6.oddBo48	44	48	359
evenBo33.oddBo20	17	76	1377
evenBo31.oddBo10	19	86	369
evenBo13.oddBo34	37	62	570
evenBo28.oddBo55	22	41	1457
evenBo46.oddBo34	4	62	694
evenBo35.oddBo31	15	65	790
evenBo16.oddBo58	34	38	1225
evenBo26.oddBo70	24	26	1000
evenBo11.oddBo56	39	40	682
evenBo11.oddBo21	39	75	612
evenBo27.oddBo35	23	61	603
evenBo21.oddBo37	29	59	855
evenBo41.oddBo3	9	93	385
evenBo43.oddBo69	7	27	821
evenBo29.oddBo43	21	53	1028
evenBo40.oddBo38	10	58	975
evenBo44.oddBo58	6	38	1117
evenBo45.oddBo36	5	60	725
evenBo20.oddBo45	30	51	657
evenBo33.oddBo37	17	59	978
evenBo50.oddBo59	0	37	724
evenBo37.oddBo60	13	36	1920
evenBo44.oddBo26	6	70	722
evenBo36.oddBo29	14	67	856
evenBo29.oddBo42	21	54	545
evenBo28.oddBo22	22	74	607
evenBo10.oddBo53	40	43	1106
evenBo9.oddBo29	41	67	624
evenBo18.oddBo45	32	51	669
evenBo11.oddBo69	39	27	390
evenBo27.oddBo32	23	64	699
evenBo33.oddBo44	17	52	1039
evenBo39.oddBo10	11	86	318
evenBo26.oddBo32	24	64	924
evenBo35.oddBo55	15	41	958
evenBo38.oddBo32	12	64	873
evenBo41.oddBo66	9	30	1803
evenBo44.oddBo12	6	84	425
evenBo20.oddBo12	30	84	394
evenBo25.oddBo41	25	55	778
evenBo5.oddBo49	45	47	375
evenBo42.oddBo17	8	79	791
evenBo34.oddBo47	16	49	1215
evenBo46.oddBo41	4	55	463
evenBo40.oddBo20	10	76	1051
evenBo24.oddBo6	26	90	631
evenBo42.oddBo64	8	32	1114
evenBo28.oddBo36	22	60	856
evenBo35.oddBo50	15	46	1029
evenBo37.oddBo47	13	49	1274
evenBo12.oddBo53	38	43	690
evenBo20.oddBo58	30	38	1833
evenBo22.oddBo57	28	39	1292
evenBo22.oddBo49	28	47	439
evenBo36.oddBo47	14	49	923
evenBo39.oddBo61	11	35	932
evenBo21.oddBo63	29	33	780
evenBo12.oddBo30	38	66	484
evenBo45.oddBo60	5	36	861
evenBo8.oddBo39	42	57	800
evenBo28.oddBo56	22	40	1705
evenBo26.oddBo35	24	61	652
evenBo31.oddBo67	19	29	2216
evenBo18.oddBo37	32	59	995
evenBo24.oddBo70	26	26	1504
evenBo32.oddBo25	18	71	601
evenBo29.oddBo59	21	37	1130
evenBo24.oddBo41	26	55	855
evenBo37.oddBo12	13	84	412
evenBo25.oddBo38	25	58	927
evenBo23.oddBo47	27	49	832
evenBo20.oddBo38	30	58	757
evenBo24.oddBo66	26	30	1653
evenBo12.oddBo41	38	55	608
evenBo30.oddBo36	20	60	553
evenBo40.oddBo1	10	95	426
evenBo44.oddBo21	6	75	2618
evenBo22.oddBo59	28	37	1122
evenBo46.oddBo67	4	29	1702
evenBo6.oddBo35	44	61	294
evenBo28.oddBo38	22	58	694
evenBo13.oddBo58	37	38	1600
evenBo42.oddBo43	8	53	731
evenBo31.oddBo38	19	58	781
evenBo4.oddBo48	46	48	218
evenBo47.oddBo29	3	67	368
evenBo29.oddBo8	21	88	225
evenBo11.oddBo27	39	69	232
evenBo50.oddBo31	0	65	487
evenBo46.oddBo53	4	43	1059
evenBo40.oddBo11	10	85	1321
evenBo15.oddBo41	35	55	508
evenBo46.oddBo25	4	71	921
evenBo29.oddBo9	21	87	242
evenBo36.oddBo10	14	86	778
evenBo42.oddBo55	8	41	1092
evenBo24.oddBo27	26	69	1024
evenBo30.oddBo61	20	35	1207
evenBo28.oddBo31	22	65	649
evenBo43.oddBo52	7	44	550
evenBo12.oddBo18	38	78	234
evenBo14.oddBo35	36	61	1261
evenBo11.oddBo50	39	46	460
evenBo43.oddBo7	7	89	119
evenBo31.oddBo60	19	36	741
evenBo40.oddBo31	10	65	1141
evenBo44.oddBo44	6	52	477
evenBo47.oddBo58	3	38	899
evenBo43.oddBo15	7	81	905
evenBo32.oddBo64	18	32	1004
evenBo32.oddBo59	18	37	1076
evenBo17.oddBo65	33	31	827
evenBo10.oddBo61	40	35	318
evenBo44.oddBo19	6	77	2470
evenBo8.oddBo50	42	46	885
evenBo20.oddBo61	30	35	656
evenBo14.oddBo16	36	80	664
evenBo46.oddBo38	4	58	512
evenBo49.oddBo36	1	60	171
evenBo34.oddBo11	16	85	378
evenBo32.oddBo54	18	42	1127
evenBo24.oddBo31	26	65	601
evenBo45.oddBo44	5	52	697
evenBo43.oddBo53	7	43	937
evenBo24.oddBo60	26	36	1252
evenBo21.oddBo34	29	62	409
evenBo21.oddBo45	29	51	704
evenBo11.oddBo29	39	67	253
evenBo38.oddBo55	12	41	1107
evenBo29.oddBo62	21	34	1418
evenBo25.oddBo29	25	67	722
evenBo33.oddBo64	17	32	1261
evenBo25.oddBo37	25	59	985
evenBo33.oddBo60	17	36	1801
evenBo36.oddBo49	14	47	917
evenBo12.oddBo61	38	35	548
evenBo41.oddBo23	9	73	1162
evenBo33.oddBo43	17	53	863
evenBo36.oddBo60	14	36	1201
evenBo32.oddBo50	18	46	672
evenBo30.oddBo46	20	50	945
evenBo23.oddBo48	27	48	818
evenBo28.oddBo34	22	62	554
evenBo20.oddBo17	30	79	302
evenBo21.oddBo25	29	71	1141
evenBo33.oddBo29	17	67	556
evenBo21.oddBo52	29	44	794
evenBo40.oddBo42	10	54	949
evenBo35.oddBo56	15	40	1911
evenBo33.oddBo67	17	29	1638
evenBo13.oddBo38	37	58	849
evenBo4.oddBo10	46	86	163
evenBo20.oddBo63	30	33	1013
evenBo15.oddBo64	35	32	749
evenBo37.oddBo21	13	75	1601
evenBo8.oddBo55	42	41	317
evenBo11.oddBo54	39	42	770
evenBo27.oddBo63	23	33	2105
evenBo11.oddBo65	39	31	335
evenBo35.oddBo24	15	72	786
evenBo9.oddBo28	41	68	819
evenBo20.oddBo59	30	37	1285
evenBo11.oddBo45	39	51	418
evenBo49.oddBo69	1	27	843
evenBo23.oddBo20	27	76	461
evenBo37.oddBo51	13	45	1440
evenBo24.oddBo8	26	88	332
evenBo7.oddBo37	43	59	695
evenBo37.oddBo4	13	92	110
evenBo35.oddBo53	15	43	1375
evenBo25.oddBo69	25	27	1698
evenBo21.oddBo41	29	55	768
evenBo42.oddBo13	8	83	903
evenBo26.oddBo62	24	34	1288
evenBo37.oddBo58	13	38	2075
evenBo24.oddBo44	26	52	829
evenBo23.oddBo62	27	34	1699
evenBo8.oddBo58	42	38	622
evenBo39.oddBo7	11	89	88
evenBo15.oddBo36	35	60	564
evenBo8.oddBo47	42	49	853
evenBo38.oddBo59	12	37	2160
evenBo21.oddBo43	29	53	948
evenBo23.oddBo67	27	29	1766
evenBo35.oddBo47	15	49	1179
evenBo23.oddBo37	27	59	1057
evenBo32.oddBo36	18	60	481
evenBo4.oddBo43	46	53	287
evenBo3.oddBo24	47	72	149
evenBo49.oddBo8	1	88	230
evenBo18.oddBo48	32	48	784
evenBo43.oddBo68	7	28	802
evenBo39.oddBo52	11	44	493
evenBo41.oddBo54	9	42	699
evenBo29.oddBo25	21	71	554
evenBo13.oddBo59	37	37	1299
evenBo12.oddBo37	38	59	490
evenBo9.oddBo52	41	44	730
evenBo13.oddBo39	37	57	606
evenBo47.oddBo68	3	28	967
evenBo21.oddBo23	29	73	861
evenBo49.oddBo31	1	65	482
evenBo18.oddBo61	32	35	958
evenBo32.oddBo15	18	81	213
evenBo27.oddBo55	23	41	897
evenBo41.oddBo14	9	82	1003
evenBo36.oddBo68	14	28	1446
evenBo19.oddBo66	31	30	1127
evenBo16.oddBo59	34	37	1455
evenBo19.oddBo45	31	51	725
evenBo11.oddBo63	39	33	463
evenBo16.oddBo63	34	33	1169
evenBo33.oddBo39	17	57	575
evenBo25.oddBo70	25	26	1358
evenBo36.oddBo53	14	43	1282
evenBo12.oddBo42	38	54	579
evenBo23.oddBo46	27	50	620
evenBo47.oddBo70	3	26	1155
evenBo21.oddBo44	29	52	654
evenBo50.oddBo56	0	40	587
evenBo30.oddBo63	20	33	1885
evenBo33.oddBo35	17	61	743
evenBo35.oddBo32	15	64	851
evenBo45.oddBo37	5	59	693
evenBo23.oddBo32	27	64	482
evenBo33.oddBo18	17	78	974
evenBo27.oddBo54	23	42	960
evenBo38.oddBo33	12	63	826
evenBo37.oddBo68	13	28	1436
evenBo18.oddBo27	32	69	906
evenBo20.oddBo56	30	40	1200
evenBo32.oddBo21	18	75	1309
evenBo17.oddBo48	33	48	789
evenBo38.oddBo12	12	84	755
evenBo26.oddBo55	24	41	1015
evenBo38.oddBo62	12	34	1756
evenBo11.oddBo39	39	57	408
evenBo22.oddBo46	28	50	645
evenBo41.oddBo53	9	43	678
evenBo39.oddBo56	11	40	799
evenBo24.oddBo34	26	62	812
evenBo34.oddBo41	16	55	903
evenBo26.oddBo28	24	68	1159
evenBo30.oddBo69	20	27	1263
evenBo3.oddBo34	47	62	122
evenBo42.oddBo38	8	58	1211
evenBo41.oddBo44	9	52	570
evenBo13.oddBo46	37	50	449
evenBo7.oddBo45	43	51	531
evenBo37.oddBo65	13	31	1785
evenBo21.oddBo22	29	74	957
evenBo16.oddBo14	34	82	596
evenBo43.oddBo34	7	62	511
evenBo8.oddBo8	42	88	386
evenBo11.oddBo48	39	48	575
evenBo49.oddBo11	1	85	320
evenBo14.oddBo67	36	29	748
evenBo28.oddBo30	22	66	921
evenBo34.oddBo62	16	34	2272
evenBo42.oddBo12	8	84	955
evenBo17.oddBo42	33	54	723
evenBo39.oddBo35	11	61	646
evenBo13.oddBo10	37	86	195
evenBo29.oddBo30	21	66	851
evenBo16.oddBo36	34	60	770
evenBo33.oddBo53	17	43	1386
evenBo7.oddBo48	43	48	614
evenBo6.oddBo47	44	49	284
evenBo28.oddBo52	22	44	1221
evenBo30.oddBo29	20	67	703
evenBo39.oddBo49	11	47	293
evenBo26.oddBo50	24	46	1022
evenBo27.oddBo9	23	87	153
evenBo47.oddBo28	3	68	831
evenBo23.oddBo52	27	44	1240
evenBo22.oddBo39	28	57	560
evenBo41.oddBo60	9	36	1573
evenBo13.oddBo60	37	36	1221
evenBo31.oddBo42	19	54	678
evenBo22.oddBo56	28	40	1007
evenBo40.oddBo46	10	50	867
evenBo7.oddBo52	43	44	428
evenBo10.oddBo23	40	73	445
evenBo33.oddBo31	17	65	715
evenBo36.oddBo44	14	52	734
evenBo47.oddBo67	3	29	973
evenBo20.oddBo46	30	50	591
evenBo41.oddBo59	9	37	1339
evenBo30.oddBo41	20	55	578
evenBo45.oddBo51	5	45	401
evenBo40.oddBo27	10	69	667
evenBo41.oddBo42	9	54	545
evenBo50.oddBo69	0	27	569
evenBo19.oddBo28	31	68	747
evenBo41.oddBo12	9	84	883
evenBo7.oddBo36	43	60	805
evenBo9.oddBo61	41	35	365
evenBo13.oddBo54	37	42	900
evenBo40.oddBo30	10	66	901
evenBo31.oddBo55	19	41	797
evenBo45.oddBo8	5	88	203
evenBo1.oddBo23	49	73	205
evenBo12.oddBo20	38	76	419
evenBo27.oddBo44	23	52	532
evenBo9.oddBo42	41	54	299
evenBo3.oddBo3	47	93	90
evenBo15.oddBo50	35	46	609
evenBo23.oddBo21	27	75	726
evenBo32.oddBo66	18	30	1207
evenBo50.oddBo61	0	35	607
evenBo23.oddBo38	27	58	1241
evenBo39.oddBo68	11	28	1011
evenBo49.oddBo23	1	73	971
evenBo31.oddBo8	19	88	465
evenBo31.oddBo7	19	89	682
evenBo21.oddBo10	29	86	396
evenBo20.oddBo60	30	36	833
evenBo17.oddBo26	33	70	666
evenBo37.oddBo54	13	42	884
evenBo5.oddBo44	45	52	304
evenBo19.oddBo56	31	40	1620
evenBo26.oddBo52	24	44	1296
evenBo42.oddBo11	8	85	512
evenBo22.oddBo52	28	44	782
evenBo20.oddBo55	30	41	776
evenBo34.oddBo58	16	38	1562
evenBo13.oddBo37	37	59	661
evenBo12.oddBo38	38	58	969
evenBo25.oddBo53	25	43	1390
evenBo30.oddBo52	20	44	938
evenBo9.oddBo35	41	61	432
evenBo30.oddBo55	20	41	847
evenBo27.oddBo62	23	34	1272
evenBo36.oddBo55	14	41	622
evenBo13.oddBo65	37	31	466
evenBo34.oddBo28	16	68	1200
evenBo50.oddBo25	0	71	663
evenBo28.oddBo47	22	49	481
evenBo22.oddBo51	28	45	948
evenBo42.oddBo42	8	54	646
evenBo30.oddBo28	20	68	507
evenBo23.oddBo7	27	89	282
evenBo18.oddBo46	32	50	533
evenBo17.oddBo28	33	68	664
evenBo4.oddBo63	46	33	270
evenBo38.oddBo68	12	28	1440
evenBo42.oddBo29	8	67	399
evenBo17.oddBo35	33	61	823
evenBo44.oddBo42	6	54	407
evenBo17.oddBo34	33	62	574
evenBo15.oddBo39	35	57	650
evenBo12.oddBo31	38	65	607
evenBo4.oddBo2	46	94	215
evenBo27.oddBo66	23	30	1311
evenBo26.oddBo59	24	37	1749
evenBo38.oddBo35	12	61	938
evenBo6.oddBo46	44	50	375
evenBo12.oddBo70	38	26	475
evenBo17.oddBo49	33	47	627
evenBo10.oddBo57	40	39	565
evenBo32.oddBo51	18	45	1172
evenBo16.oddBo50	34	46	634
evenBo21.oddBo33	29	63	507
evenBo22.oddBo55	28	41	1071
evenBo35.oddBo46	15	50	995
evenBo19.oddBo17	31	79	325
evenBo12.oddBo67	38	29	460
evenBo41.oddBo43	9	53	838
evenBo41.oddBo35	9	61	744
evenBo36.oddBo42	14	54	923
evenBo43.oddBo46	7	50	598
evenBo41.oddBo20	9	76	1149
evenBo18.oddBo65	32	31	730
evenBo21.oddBo61	29	35	780
evenBo28.oddBo10	22	86	308
evenBo44.oddBo52	6	44	609
evenBo13.oddBo67	37	29	559
evenBo39.oddBo64	11	32	1075
evenBo44.oddBo24	6	72	825
evenBo22.oddBo66	28	30	1058
evenBo21.oddBo42	29	54	509
evenBo16.oddBo46	34	50	440
evenBo41.oddBo69	9	27	1020
evenBo36.oddBo39	14	57	728
evenBo29.oddBo61	21	35	1239
evenBo8.oddBo63	42	33	483
evenBo48.oddBo33	2	63	552
evenBo42.oddBo33	8	63	785
evenBo25.oddBo14	25	82	232
evenBo7.oddBo39	43	57	798
evenBo45.oddBo30	5	66	465
evenBo24.oddBo28	26	68	906
evenBo44.oddBo25	6	71	726
evenBo48.oddBo21	2	75	1282
evenBo32.oddBo42	18	54	574
evenBo44.oddBo68	6	28	677
evenBo40.oddBo55	10	41	611
evenBo29.oddBo48	21	48	728
evenBo26.oddBo61	24	35	972
evenBo38.oddBo41	12	55	924
evenBo20.oddBo52	30	44	766
evenBo7.oddBo51	43	45	724
evenBo27.oddBo34	23	62	477
evenBo24.oddBo45	26	51	902
evenBo41.oddBo4	9	92	419
evenBo12.oddBo54	38	42	1131
evenBo24.oddBo57	26	39	1797
evenBo28.oddBo28	22	68	872
evenBo8.oddBo38	42	58	1023
evenBo38.oddBo46	12	50	1176
evenBo9.oddBo44	41	52	444
evenBo11.oddBo14	39	82	156
evenBo36.oddBo70	14	26	1164
evenBo39.oddBo36	11	60	434
evenBo14.oddBo1	36	95	550
evenBo41.oddBo11	9	85	584
evenBo12.oddBo65	38	31	546
evenBo42.oddBo46	8	50	1089
evenBo12.oddBo50	38	46	448
evenBo33.oddBo48	17	48	913
evenBo16.oddBo44	34	52	582
evenBo36.oddBo48	14	48	1088
evenBo33.oddBo13	17	83	421
evenBo36.oddBo23	14	73	1014
evenBo31.oddBo69	19	27	1670
evenBo22.oddBo45	28	51	549
evenBo39.oddBo38	11	58	576
evenBo37.oddBo29	13	67	897
evenBo31.oddBo50	19	46	1097
evenBo10.oddBo55	40	41	380
evenBo12.oddBo51	38	45	674
evenBo19.oddBo24	31	72	481
evenBo24.oddBo51	26	45	1193
evenBo17.oddBo24	33	72	399
evenBo22.oddBo41	28	55	669
evenBo33.oddBo40	17	56	706
evenBo26.oddBo29	24	67	772
evenBo7.oddBo19	43	77	142
evenBo36.oddBo38	14	58	1131
evenBo22.oddBo36	28	60	573
evenBo30.oddBo59	20	37	964
evenBo47.oddBo53	3	43	874
evenBo12.oddBo19	38	77	326
evenBo23.oddBo70	27	26	761
evenBo36.oddBo19	14	77	365
evenBo46.oddBo20	4	76	2040
evenBo22.oddBo64	28	32	890
evenBo13.oddBo41	37	55	547
evenBo40.oddBo15	10	81	647
evenBo44.oddBo57	6	39	1132
evenBo39.oddBo58	11	38	1370
evenBo30.oddBo49	20	47	764
evenBo17.oddBo38	33	58	833
evenBo42.oddBo14	8	82	1024
evenBo40.oddBo24	10	72	879
evenBo29.oddBo24	21	72	464
evenBo37.oddBo32	13	64	629
evenBo41.oddBo9	9	87	259
evenBo38.oddBo50	12	46	968
evenBo15.oddBo61	35	35	986
evenBo9.oddBo59	41	37	570
evenBo47.oddBo39	3	57	216
evenBo20.oddBo66	30	30	833
evenBo32.oddBo5	18	91	178
evenBo43.oddBo22	7	74	1121
evenBo36.oddBo31	14	65	623
evenBo14.oddBo19	36	77	340
evenBo31.oddBo39	19	57	473
evenBo15.oddBo1	35	95	370
evenBo28.oddBo65	22	31	979
evenBo30.oddBo31	20	65	572
evenBo44.oddBo34	6	62	449
evenBo49.oddBo27	1	69	452
evenBo38.oddBo38	12	58	1297
evenBo19.oddBo23	31	73	880
evenBo14.oddBo64	36	32	741
evenBo32.oddBo70	18	26	1109
evenBo33.oddBo49	17	47	890
evenBo46.oddBo69	4	27	1337
evenBo7.oddBo57	43	39	426
evenBo23.oddBo54	27	42	968
evenBo20.oddBo34	30	62	587
evenBo32.oddBo30	18	66	526
evenBo7.oddBo65	43	31	219
evenBo22.oddBo33	28	63	761
evenBo37.oddBo14	13	82	1530
evenBo22.oddBo32	28	64	676
evenBo27.oddBo12	23	84	262
evenBo32.oddBo55	18	41	652
evenBo9.oddBo36	41	60	494
evenBo44.oddBo55	6	41	629
evenBo14.oddBo47	36	49	693
evenBo32.oddBo53	18	43	1193
evenBo12.oddBo29	38	67	404
evenBo19.oddBo43	31	53	979
evenBo41.oddBo52	9	44	507
evenBo32.oddBo61	18	35	1119
evenBo26.oddBo37	24	59	949
evenBo32.oddBo52	18	44	874
evenBo15.oddBo22	35	74	602
evenBo18.oddBo32	32	64	636
evenBo50.oddBo27	0	69	314
evenBo1.oddBo56	49	40	306
evenBo30.oddBo53	20	43	1454
evenBo23.oddBo28	27	68	1009
evenBo28.oddBo32	22	64	572
evenBo39.oddBo37	11	59	631
evenBo35.oddBo39	15	57	816
evenBo16.oddBo64	34	32	1024
evenBo49.oddBo53	1	43	685
evenBo27.oddBo43	23	53	796
evenBo13.oddBo35	37	61	667
evenBo45.oddBo17	5	79	1378
evenBo34.oddBo46	16	50	1005
evenBo6.oddBo39	44	57	270
evenBo41.oddBo45	9	51	822
evenBo38.oddBo57	12	39	1798
evenBo30.oddBo38	20	58	870
evenBo11.oddBo43	39	53	612
evenBo40.oddBo43	10	53	726
evenBo17.oddBo50	33	46	837
evenBo11.oddBo61	39	35	614
evenBo39.oddBo51	11	45	783
evenBo15.oddBo12	35	84	158
evenBo44.oddBo56	6	40	1060
evenBo42.oddBo65	8	31	1425
evenBo18.oddBo11	32	85	475
evenBo45.oddBo35	5	61	802
evenBo37.oddBo28	13	68	745
evenBo34.oddBo55	16	41	996
evenBo42.oddBo58	8	38	994
evenBo29.oddBo64	21	32	919
evenBo26.oddBo48	24	48	741
evenBo13.oddBo31	37	65	541
evenBo42.oddBo48	8	48	442
evenBo38.oddBo21	12	75	1940
evenBo49.oddBo3	1	93	224
evenBo18.oddBo50	32	46	1219
evenBo42.oddBo3	8	93	485
evenBo47.oddBo56	3	40	627
evenBo40.oddBo54	10	42	1019
evenBo39.oddBo21	11	75	1151
evenBo23.oddBo35	27	61	860
evenBo27.oddBo5	23	91	493
evenBo46.oddBo27	4	69	662
evenBo25.oddBo52	25	44	848
evenBo29.oddBo69	21	27	1027
evenBo26.oddBo34	24	62	616
evenBo36.oddBo59	14	37	1730
evenBo28.oddBo5	22	91	360
evenBo2.oddBo23	48	73	158
evenBo43.oddBo54	7	42	1060
evenBo50.oddBo19	0	77	251
evenBo20.oddBo13	30	83	300
evenBo19.oddBo25	31	71	628
evenBo22.oddBo34	28	62	497
evenBo20.oddBo30	30	66	798
evenBo45.oddBo43	5	53	789
evenBo13.oddBo36	37	60	524
evenBo44.oddBo17	6	79	1504
evenBo33.oddBo28	17	68	737
evenBo14.oddBo43	36	53	377
evenBo26.oddBo54	24	42	1344
evenBo21.oddBo21	29	75	781
evenBo46.oddBo16	4	80	997
evenBo26.oddBo66	24	30	1283
evenBo17.oddBo30	33	66	638
evenBo37.oddBo22	13	74	1278
evenBo17.oddBo60	33	36	1273
evenBo7.oddBo47	43	49	585
evenBo23.oddBo60	27	36	1080
evenBo48.oddBo19	2	77	681
evenBo12.oddBo33	38	63	787
evenBo39.oddBo55	11	41	578
evenBo40.oddBo22	10	74	1495
evenBo11.oddBo60	39	36	454
evenBo19.oddBo64	31	32	527
evenBo21.oddBo65	29	31	788
evenBo36.oddBo40	14	56	736
evenBo29.oddBo67	21	29	1235
evenBo49.oddBo48	1	48	261
evenBo5.oddBo11	45	85	258
evenBo8.oddBo48	42	48	987
evenBo50.oddBo68	0	28	653
evenBo4.oddBo52	46	44	274
evenBo1.oddBo3	49	93	128
evenBo17.oddBo52	33	44	825
evenBo25.oddBo44	25	52	591
evenBo26.oddBo64	24	32	945
evenBo28.oddBo35	22	61	604
evenBo40.oddBo29	10	67	371
evenBo36.oddBo32	14	64	555
evenBo34.oddBo22	16	74	1142
evenBo47.oddBo40	3	56	389
evenBo45.oddBo53	5	43	810
evenBo41.oddBo41	9	55	641
evenBo43.oddBo32	7	64	672
evenBo16.oddBo33	34	63	581
evenBo42.oddBo22	8	74	1472
evenBo43.oddBo62	7	34	765
evenBo14.oddBo25	36	71	724
evenBo27.oddBo14	23	82	289
evenBo41.oddBo64	9	32	1411
evenBo45.oddBo31	5	65	474
evenBo34.oddBo10	16	86	596
evenBo30.oddBo16	20	80	381
evenBo10.oddBo7	40	89	124
evenBo34.oddBo45	16	51	1139
evenBo10.oddBo26	40	70	384
evenBo39.oddBo23	11	73	805
evenBo30.oddBo68	20	28	1082
evenBo37.oddBo64	13	32	1636
evenBo9.oddBo55	41	41	497
evenBo41.oddBo13	9	83	977
evenBo34.oddBo61	16	35	1401
evenBo38.oddBo31	12	65	817
evenBo41.oddBo39	9	57	659
evenBo14.oddBo50	36	46	901
evenBo25.oddBo6	25	90	458
evenBo30.oddBo39	20	57	550
evenBo37.oddBo10	13	86	1130
evenBo12.oddBo28	38	68	531
evenBo11.oddBo62	39	34	679
evenBo18.oddBo23	32	73	599
evenBo3.oddBo17	47	79	129
evenBo34.oddBo70	16	26	1395
evenBo32.oddBo33	18	63	677
evenBo7.oddBo58	43	38	410
evenBo16.oddBo4	34	92	226
evenBo17.oddBo67	33	29	778
evenBo30.oddBo51	20	45	1190
evenBo35.oddBo33	15	63	1133
evenBo38.oddBo23	12	73	1132
evenBo27.oddBo41	23	55	536
evenBo16.oddBo52	34	44	778
evenBo37.oddBo1	13	95	316
evenBo46.oddBo17	4	79	819
evenBo11.oddBo58	39	38	504
evenBo41.oddBo29	9	67	485
evenBo19.oddBo61	31	35	542
evenBo19.oddBo69	31	27	736
evenBo11.oddBo44	39	52	398
evenBo16.oddBo54	34	42	1204
evenBo33.oddBo33	17	63	744
evenBo27.oddBo30	23	66	696
evenBo28.oddBo37	22	59	898
evenBo33.oddBo19	17	77	1196
evenBo12.oddBo62	38	34	718
evenBo31.oddBo61	19	35	1044
evenBo42.oddBo30	8	66	569
evenBo30.oddBo60	20	36	664
evenBo14.oddBo42	36	54	465
evenBo22.oddBo31	28	65	426
evenBo29.oddBo60	21	36	1139
evenBo26.oddBo33	24	63	733
evenBo22.oddBo68	28	28	726
evenBo12.oddBo46	38	50	497
evenBo29.oddBo16	21	80	322
evenBo22.oddBo2	28	94	295
evenBo41.oddBo48	9	48	902
evenBo39.oddBo26	11	70	617
evenBo7.oddBo29	43	67	357
evenBo44.oddBo67	6	29	867
evenBo30.oddBo19	20	77	229
evenBo26.oddBo19	24	77	345
evenBo11.oddBo11	39	85	217
evenBo25.oddBo45	25	51	710
evenBo42.oddBo70	8	26	932
evenBo25.oddBo21	25	75	709
evenBo41.oddBo50	9	46	581
evenBo36.oddBo25	14	71	886
evenBo42.oddBo63	8	33	1773
evenBo33.oddBo52	17	44	950
evenBo14.oddBo52	36	44	1036
evenBo34.oddBo35	16	61	913
evenBo23.oddBo61	27	35	1151
evenBo40.oddBo9	10	87	250
evenBo39.oddBo53	11	43	555
evenBo38.oddBo2	12	94	431
evenBo30.oddBo56	20	40	931
evenBo35.oddBo40	15	56	614
evenBo9.oddBo58	41	38	738
evenBo11.oddBo40	39	56	322
evenBo32.oddBo4	18	92	155
evenBo18.oddBo39	32	57	821
evenBo4.oddBo54	46	42	239
evenBo35.oddBo41	15	55	998
evenBo8.oddBo21	42	75	317
evenBo20.oddBo48	30	48	947
evenBo49.oddBo22	1	74	959
evenBo18.oddBo47	32	49	869
evenBo18.oddBo31	32	65	618
evenBo6.oddBo53	44	43	343
evenBo19.oddBo30	31	66	799
evenBo37.oddBo38	13	58	816
evenBo10.oddBo25	40	71	509
evenBo40.oddBo45	10	51	708
evenBo34.oddBo30	16	66	1487
evenBo46.oddBo18	4	78	960
evenBo18.oddBo5	32	91	294
evenBo18.oddBo14	32	82	444
evenBo27.oddBo26	23	70	507
evenBo16.oddBo23	34	73	480
evenBo30.oddBo54	20	42	911
evenBo38.oddBo30	12	66	1208
evenBo16.oddBo65	34	31	879
evenBo36.oddBo65	14	31	1297
evenBo26.oddBo46	24	50	708
evenBo44.oddBo33	6	63	772
evenBo28.oddBo68	22	28	846
evenBo14.oddBo26	36	70	648
evenBo12.oddBo25	38	71	442
evenBo39.oddBo29	11	67	429
evenBo15.oddBo44	35	52	249
evenBo8.oddBo33	42	63	504
evenBo37.oddBo53	13	43	1319
evenBo42.oddBo52	8	44	757
evenBo49.oddBo32	1	64	652
evenBo46.oddBo35	4	61	605
evenBo46.oddBo40	4	56	439
evenBo21.oddBo59	29	37	981
evenBo39.oddBo63	11	33	1729
evenBo34.oddBo37	16	59	1016
evenBo14.oddBo3	36	93	374
evenBo34.oddBo42	16	54	723
evenBo35.oddBo22	15	74	1457
evenBo17.oddBo63	33	33	893
evenBo32.oddBo31	18	65	575
evenBo38.oddBo22	12	74	1552
evenBo1.oddBo62	49	34	166
evenBo20.oddBo31	30	65	634
evenBo34.oddBo36	16	60	589
evenBo43.oddBo37	7	59	607
evenBo32.oddBo47	18	49	647
evenBo33.oddBo70	17	26	1173
evenBo11.oddBo22	39	74	377
evenBo31.oddBo49	19	47	851
evenBo15.oddBo7	35	89	186
evenBo28.oddBo49	22	47	792
evenBo43.oddBo35	7	61	658
evenBo9.oddBo50	41	46	601
evenBo29.oddBo36	21	60	769
evenBo8.oddBo43	42	53	572
evenBo26.oddBo44	24	52	841
evenBo14.oddBo51	36	45	1013
evenBo13.oddBo18	37	78	367
evenBo6.oddBo31	44	65	292
evenBo31.oddBo47	19	49	431
evenBo35.oddBo21	15	75	1103
evenBo22.oddBo27	28	69	666
evenBo46.oddBo22	4	74	1438
evenBo13.oddBo26	37	70	513
evenBo39.oddBo41	11	55	462
evenBo19.oddBo11	31	85	388
evenBo17.oddBo7	33	89	175
evenBo40.oddBo44	10	52	482
evenBo5.oddBo34	45	62	166
evenBo40.oddBo62	10	34	1393
evenBo35.oddBo10	15	86	586
evenBo40.oddBo23	10	73	1105
evenBo43.oddBo42	7	54	401
evenBo7.oddBo43	43	53	562
evenBo47.oddBo15	3	81	410
evenBo14.oddBo32	36	64	704
evenBo26.oddBo9	24	87	193
evenBo38.oddBo40	12	56	804
evenBo46.oddBo59	4	37	849
evenBo32.oddBo22	18	74	488
evenBo32.oddBo43	18	53	772
evenBo31.oddBo3	19	93	219
evenBo50.oddBo20	0	76	681
evenBo48.oddBo53	2	43	1011
evenBo24.oddBo5	26	91	300
evenBo27.oddBo42	23	54	607
evenBo13.oddBo25	37	71	781
evenBo15.oddBo67	35	29	630
evenBo36.oddBo64	14	32	1135
evenBo27.oddBo47	23	49	644
evenBo29.oddBo21	21	75	575
evenBo27.oddBo39	23	57	404
evenBo23.oddBo5	27	91	252
evenBo46.oddBo51	4	45	399
evenBo31.oddBo33	19	63	562
evenBo50.oddBo5	0	91	158
evenBo21.oddBo8	29	88	341
evenBo29.oddBo47	21	49	539
evenBo48.oddBo58	2	38	857
evenBo1.oddBo64	49	32	188
evenBo19.oddBo16	31	80	384
evenBo39.oddBo40	11	56	443
evenBo36.oddBo36	14	60	839
evenBo37.oddBo48	13	48	1189
evenBo2.oddBo30	48	66	157
evenBo45.oddBo57	5	39	848
evenBo1.oddBo14	49	82	94
evenBo28.oddBo6	22	90	359
evenBo38.oddBo34	12	62	966
evenBo20.oddBo42	30	54	520
evenBo11.oddBo9	39	87	107
evenBo34.oddBo13	16	83	848
evenBo40.oddBo68	10	28	1166
evenBo15.oddBo54	35	42	676
evenBo45.oddBo45	5	51	760
evenBo50.oddBo64	0	32	598
evenBo41.oddBo24	9	72	833
evenBo2.oddBo31	48	65	102
evenBo9.oddBo32	41	64	328
evenBo33.oddBo17	17	79	806
evenBo50.oddBo9	0	87	83
evenBo46.oddBo37	4	59	476
evenBo49.oddBo61	1	35	675
evenBo12.oddBo40	38	56	588
evenBo19.oddBo32	31	64	443
evenBo23.oddBo25	27	71	708
evenBo43.oddBo59	7	37	568
evenBo35.oddBo17	15	79	877
evenBo28.oddBo58	22	38	1487
evenBo27.oddBo49	23	47	767
evenBo49.oddBo62	1	34	736
evenBo25.oddBo19	25	77	272
evenBo39.oddBo46	11	50	438
evenBo21.oddBo50	29	46	661
evenBo48.oddBo56	2	40	772
evenBo22.oddBo28	28	68	699
evenBo36.oddBo52	14	44	730
evenBo3.oddBo29	47	67	142
evenBo33.oddBo47	17	49	1151
evenBo15.oddBo47	35	49	305
evenBo24.oddBo32	26	64	775
evenBo16.oddBo3	34	93	256
evenBo48.oddBo57	2	39	743
evenBo17.oddBo32	33	64	535
evenBo40.oddBo69	10	27	1336
evenBo16.oddBo49	34	47	639
evenBo34.oddBo9	16	87	505
evenBo47.oddBo24	3	72	1092
evenBo25.oddBo34	25	62	625
evenBo22.oddBo48	28	48	664
evenBo20.oddBo24	30	72	679
evenBo4.oddBo59	46	37	232
evenBo44.oddBo54	6	42	760
evenBo26.oddBo49	24	47	747
evenBo29.oddBo34	21	62	672
evenBo10.oddBo69	40	27	352
evenBo15.oddBo28	35	68	581
evenBo13.oddBo45	37	51	467
evenBo23.oddBo42	27	54	566
evenBo23.oddBo59	27	37	1277
evenBo28.oddBo48	22	48	615
evenBo6.oddBo67	44	29	206
evenBo30.oddBo20	20	76	506
evenBo46.oddBo31	4	65	545
evenBo31.oddBo54	19	42	1537
evenBo43.oddBo66	7	30	850
evenBo8.oddBo35	42	61	728
evenBo7.oddBo55	43	41	294
evenBo39.oddBo11	11	85	453
evenBo4.oddBo45	46	51	356
evenBo40.oddBo34	10	62	701
evenBo25.oddBo47	25	49	853
evenBo6.oddBo57	44	39	462
evenBo32.oddBo11	18	85	208
evenBo42.oddBo19	8	77	752
evenBo23.oddBo36	27	60	796
evenBo45.oddBo41	5	55	487
evenBo14.oddBo44	36	52	499
evenBo23.oddBo49	27	47	837
evenBo20.oddBo41	30	55	778
evenBo37.oddBo44	13	52	728
evenBo34.oddBo40	16	56	797
evenBo15.oddBo29	35	67	618
evenBo32.oddBo38	18	58	846
evenBo46.oddBo36	4	60	494
evenBo16.oddBo67	34	29	885
evenBo37.oddBo24	13	72	718
evenBo11.oddBo55	39	41	517
evenBo16.oddBo37	34	59	586
evenBo9.oddBo45	41	51	474
evenBo1.oddBo67	49	29	290
evenBo49.oddBo56	1	40	573
evenBo31.oddBo22	19	74	500
evenBo49.oddBo50	1	46	251
evenBo23.oddBo24	27	72	565
evenBo17.oddBo66	33	30	745
evenBo9.oddBo40	41	56	414
evenBo37.oddBo41	13	55	536
evenBo23.oddBo50	27	46	866
evenBo40.oddBo35	10	61	883
evenBo12.oddBo36	38	60	411
evenBo31.oddBo28	19	68	747
evenBo3.oddBo38	47	58	397
evenBo44.oddBo15	6	81	965
evenBo48.oddBo25	2	71	945
evenBo40.oddBo41	10	55	809
evenBo26.oddBo2	24	94	157
evenBo30.oddBo47	20	49	415
evenBo5.oddBo17	45	79	73
evenBo47.oddBo63	3	33	520
evenBo9.oddBo19	41	77	160
evenBo30.oddBo48	20	48	844
evenBo30.oddBo45	20	51	598
evenBo17.oddBo14	33	82	389
evenBo23.oddBo29	27	67	499
evenBo29.oddBo41	21	55	467
evenBo28.oddBo13	22	83	255
evenBo29.oddBo5	21	91	382
evenBo38.oddBo24	12	72	904
evenBo46.oddBo23	4	73	1535
evenBo39.oddBo62	11	34	1160
evenBo18.oddBo69	32	27	598
evenBo40.oddBo36	10	60	670
evenBo38.oddBo5	12	91	286
evenBo22.oddBo62	28	34	1100
evenBo21.oddBo46	29	50	549
evenBo18.oddBo43	32	53	887
evenBo13.oddBo40	37	56	457
evenBo33.oddBo54	17	42	1165
evenBo48.oddBo52	2	44	466
evenBo48.oddBo59	2	37	673
evenBo44.oddBo30	6	66	410
evenBo45.oddBo38	5	58	696
evenBo45.oddBo25	5	71	897
evenBo19.oddBo39	31	57	642
evenBo3.oddBo61	47	35	112
evenBo50.oddBo29	0	67	257
evenBo27.oddBo69	23	27	1227
evenBo11.oddBo51	39	45	698
evenBo46.oddBo28	4	68	987
evenBo36.oddBo2	14	94	288
evenBo42.oddBo57	8	39	1059
evenBo13.oddBo62	37	34	622
evenBo21.oddBo18	29	78	244
evenBo3.oddBo40	47	56	287
evenBo39.oddBo2	11	94	198
evenBo16.oddBo17	34	79	297
evenBo34.oddBo56	16	40	1033
evenBo4.oddBo47	46	49	271
evenBo18.oddBo2	32	94	344
evenBo17.oddBo22	33	74	702
evenBo13.oddBo43	37	53	349
evenBo6.oddBo37	44	59	501
evenBo3.oddBo41	47	55	486
evenBo21.oddBo32	29	64	493
evenBo44.oddBo69	6	27	854
evenBo22.oddBo7	28	89	288
evenBo10.oddBo1	40	95	329
evenBo31.oddBo36	19	60	636
evenBo7.oddBo62	43	34	562
evenBo37.oddBo17	13	79	360
evenBo39.oddBo67	11	29	1323
evenBo42.oddBo26	8	70	985
evenBo27.oddBo50	23	46	1166
evenBo47.oddBo64	3	32	233
evenBo15.oddBo2	35	94	232
evenBo11.oddBo31	39	65	319
evenBo42.oddBo35	8	61	781
evenBo5.oddBo47	45	49	372
evenBo19.oddBo33	31	63	538
evenBo22.oddBo9	28	87	172
evenBo36.oddBo11	14	85	543
evenBo27.oddBo46	23	50	599
evenBo8.oddBo26	42	70	515
evenBo15.oddBo49	35	47	352
evenBo28.oddBo15	22	81	221
evenBo25.oddBo1	25	95	570
evenBo27.oddBo15	23	81	318
evenBo48.oddBo17	2	79	485
evenBo34.oddBo21	16	75	1175
evenBo11.oddBo59	39	37	434
evenBo22.oddBo21	28	75	491
evenBo33.oddBo10	17	86	427
evenBo36.oddBo41	14	55	814
evenBo14.oddBo55	36	41	668
evenBo17.oddBo5	33	91	225
evenBo44.oddBo61	6	35	482
evenBo48.oddBo9	2	87	109
evenBo27.oddBo29	23	67	731
evenBo43.oddBo5	7	91	178
evenBo35.oddBo20	15	76	786
evenBo10.oddBo48	40	48	517
evenBo45.oddBo42	5	54	367
evenBo30.oddBo40	20	56	547
evenBo10.oddBo64	40	32	316
evenBo29.oddBo13	21	83	344
evenBo41.oddBo40	9	56	712
evenBo42.oddBo68	8	28	972
evenBo23.oddBo40	27	56	663
evenBo20.oddBo70	30	26	458
evenBo14.oddBo30	36	66	676
evenBo22.oddBo50	28	46	870
evenBo28.oddBo8	22	88	219
evenBo34.oddBo43	16	53	1124
evenBo38.oddBo49	12	47	577
evenBo48.oddBo35	2	61	321
evenBo16.oddBo15	34	81	458
evenBo36.oddBo14	14	82	838
evenBo43.oddBo3	7	93	140
evenBo30.oddBo64	20	32	1120
evenBo34.oddBo2	16	94	276
evenBo26.oddBo20	24	76	438
evenBo12.oddBo68	38	28	346
evenBo42.oddBo32	8	64	892
evenBo17.oddBo18	33	78	385
evenBo30.oddBo44	20	52	769
evenBo20.oddBo69	30	27	613
evenBo33.oddBo26	17	70	611
evenBo2.oddBo66	48	30	138
evenBo46.oddBo15	4	81	371
evenBo27.oddBo19	23	77	291
evenBo37.oddBo40	13	56	564
evenBo9.oddBo27	41	69	481
evenBo23.oddBo30	27	66	651
evenBo22.oddBo69	28	27	911
evenBo10.oddBo58	40	38	792
evenBo16.oddBo38	34	58	796
evenBo14.oddBo24	36	72	560
evenBo49.oddBo37	1	59	203
evenBo26.oddBo30	24	66	736
evenBo5.oddBo51	45	45	391
evenBo22.oddBo60	28	36	785
evenBo43.oddBo70	7	26	589
evenBo12.oddBo69	38	27	399
evenBo39.oddBo18	11	78	302
evenBo34.oddBo1	16	95	246
evenBo14.oddBo31	36	65	687
evenBo18.oddBo44	32	52	1007
evenBo44.oddBo65	6	31	677
evenBo38.oddBo52	12	44	893
evenBo30.oddBo11	20	85	168
evenBo18.oddBo42	32	54	692
evenBo37.oddBo45	13	51	678
evenBo44.oddBo62	6	34	492
evenBo10.oddBo35	40	61	407
evenBo19.oddBo68	31	28	686
evenBo44.oddBo60	6	36	580
evenBo45.oddBo32	5	64	781
evenBo39.oddBo16	11	80	289
evenBo26.oddBo5	24	91	420
evenBo48.oddBo55	2	41	507
evenBo6.oddBo51	44	45	329
evenBo45.oddBo39	5	57	482
evenBo13.oddBo42	37	54	342
evenBo34.oddBo7	16	89	213
evenBo49.oddBo10	1	86	169
evenBo32.oddBo29	18	67	469
evenBo25.oddBo31	25	65	661
evenBo26.oddBo15	24	81	228
evenBo34.oddBo33	16	63	907
evenBo31.oddBo23	19	73	437
evenBo32.oddBo27	18	69	407
evenBo17.oddBo23	33	73	535
evenBo28.oddBo44	22	52	594
evenBo43.oddBo31	7	65	534
evenBo6.oddBo59	44	37	251
evenBo31.oddBo35	19	61	607
evenBo10.oddBo60	40	36	365
evenBo26.oddBo27	24	69	402
evenBo3.oddBo31	47	65	157
evenBo27.oddBo24	23	72	492
evenBo40.oddBo12	10	84	691
evenBo37.oddBo11	13	85	526
evenBo38.oddBo54	12	42	842
evenBo18.oddBo67	32	29	770
evenBo27.oddBo31	23	65	481
evenBo6.oddBo22	44	74	234
evenBo49.oddBo16	1	80	268
evenBo32.oddBo39	18	57	417
evenBo11.oddBo34	39	62	281
evenBo15.oddBo66	35	30	630
evenBo28.oddBo29	22	67	615
evenBo26.oddBo43	24	53	965
evenBo23.oddBo64	27	32	965
evenBo12.oddBo34	38	62	397
evenBo25.oddBo64	25	32	1081
evenBo43.oddBo28	7	68	715
evenBo48.oddBo67	2	29	1009
evenBo12.oddBo52	38	44	418
evenBo36.oddBo37	14	59	1062
evenBo23.oddBo31	27	65	704
evenBo19.oddBo44	31	52	831
evenBo47.oddBo57	3	39	803
evenBo21.oddBo26	29	70	949
evenBo19.oddBo20	31	76	821
evenBo25.oddBo35	25	61	625
evenBo3.oddBo46	47	50	125
evenBo46.oddBo52	4	44	571
evenBo16.oddBo30	34	66	606
evenBo29.oddBo44	21	52	769
evenBo3.oddBo52	47	44	147
evenBo9.oddBo25	41	71	463
evenBo25.oddBo4	25	92	194
evenBo32.oddBo9	18	87	253
evenBo17.oddBo19	33	77	457
evenBo33.oddBo24	17	72	490
evenBo20.oddBo39	30	57	666
evenBo26.oddBo18	24	78	393
evenBo43.oddBo24	7	72	716
evenBo31.oddBo43	19	53	929
evenBo49.oddBo59	1	37	690
evenBo47.oddBo52	3	44	487
evenBo36.oddBo34	14	62	894
evenBo2.oddBo38	48	58	157
evenBo49.oddBo44	1	52	224
evenBo28.oddBo46	22	50	530
evenBo12.oddBo48	38	48	385
evenBo33.oddBo36	17	60	518
evenBo26.oddBo17	24	79	355
evenBo33.oddBo11	17	85	357
evenBo16.oddBo70	34	26	453
evenBo42.oddBo45	8	51	617
evenBo50.oddBo18	0	78	151
evenBo15.oddBo33	35	63	578
evenBo20.oddBo43	30	53	789
evenBo49.oddBo33	1	63	300
evenBo46.oddBo8	4	88	125
evenBo5.oddBo37	45	59	217
evenBo29.oddBo1	21	95	305
evenBo33.oddBo9	17	87	369
evenBo5.oddBo45	45	51	231
evenBo2.oddBo43	48	53	104
evenBo44.oddBo63	6	33	538
evenBo9.oddBo47	41	49	530
evenBo22.oddBo26	28	70	582
evenBo7.oddBo44	43	52	563
evenBo44.oddBo70	6	26	530
evenBo45.oddBo27	5	69	628
evenBo25.oddBo9	25	87	233
evenBo11.oddBo28	39	68	293
evenBo45.oddBo14	5	82	846
evenBo4.oddBo19	46	77	192
evenBo35.oddBo14	15	82	627
evenBo7.oddBo34	43	62	339
evenBo47.oddBo66	3	30	564
evenBo21.oddBo36	29	60	499
evenBo41.oddBo16	9	80	739
evenBo24.oddBo47	26	49	1204
evenBo43.oddBo29	7	67	331
evenBo16.oddBo45	34	51	515
evenBo33.oddBo50	17	46	912
evenBo27.oddBo3	23	93	284
evenBo20.oddBo50	30	46	630
evenBo3.oddBo28	47	68	143
evenBo44.oddBo1	6	95	338
evenBo9.oddBo63	41	33	404
evenBo5.oddBo48	45	48	315
evenBo35.oddBo26	15	70	884
evenBo5.oddBo43	45	53	267
evenBo38.oddBo26	12	70	1158
evenBo39.oddBo28	11	68	439
evenBo20.oddBo62	30	34	704
evenBo39.oddBo47	11	49	581
evenBo33.oddBo32	17	64	593
evenBo13.oddBo52	37	44	463
evenBo11.oddBo10	39	86	196
evenBo10.oddBo51	40	45	686
evenBo42.oddBo5	8	91	198
evenBo17.oddBo27	33	69	652
evenBo31.oddBo24	19	72	363
evenBo50.oddBo30	0	66	423
evenBo39.oddBo24	11	72	560
evenBo4.oddBo5	46	91	161
evenBo42.oddBo56	8	40	999
evenBo39.oddBo14	11	82	753
evenBo42.oddBo69	8	27	1332
evenBo20.oddBo1	30	95	468
evenBo40.oddBo49	10	47	389
evenBo31.oddBo57	19	39	1027
evenBo31.oddBo52	19	44	931
evenBo14.oddBo65	36	31	806
evenBo21.oddBo39	29	57	604
evenBo4.oddBo62	46	34	136
evenBo45.oddBo50	5	46	242
evenBo24.oddBo46	26	50	722
evenBo9.oddBo2	41	94	228
evenBo13.oddBo33	37	63	515
evenBo7.oddBo64	43	32	204
evenBo19.oddBo51	31	45	1117
evenBo44.oddBo13	6	83	809
evenBo41.oddBo26	9	70	1076
evenBo37.oddBo27	13	69	663
evenBo8.oddBo61	42	35	392
evenBo12.oddBo26	38	70	507
evenBo1.oddBo9	49	87	92
evenBo17.oddBo17	33	79	375
evenBo1.oddBo25	49	71	156
evenBo8.oddBo59	42	37	464
evenBo36.oddBo18	14	78	365
evenBo49.oddBo52	1	44	241
evenBo36.oddBo33	14	63	817
evenBo22.oddBo47	28	49	576
evenBo17.oddBo15	33	81	382
evenBo45.oddBo67	5	29	938
evenBo38.oddBo1	12	95	292
evenBo43.oddBo14	7	82	673
evenBo10.oddBo29	40	67	214
evenBo37.oddBo16	13	80	369
evenBo22.oddBo44	28	52	689
evenBo35.oddBo64	15	32	798
evenBo4.oddBo7	46	89	119
evenBo14.oddBo23	36	73	369
evenBo38.oddBo10	12	86	1246
evenBo8.oddBo30	42	66	530
evenBo6.oddBo50	44	46	301
evenBo32.oddBo44	18	52	807
evenBo26.oddBo68	24	28	1054
evenBo33.oddBo16	17	80	709
evenBo39.oddBo31	11	65	496
evenBo49.oddBo54	1	42	656
evenBo46.oddBo9	4	87	211
evenBo32.oddBo56	18	40	852
evenBo11.oddBo33	39	63	280
evenBo38.oddBo42	12	54	701
evenBo3.oddBo42	47	54	253
evenBo49.oddBo6	1	90	168
evenBo8.oddBo19	42	77	408
evenBo46.oddBo39	4	57	386
evenBo5.oddBo38	45	58	271
evenBo30.oddBo10	20	86	188
evenBo40.oddBo2	10	94	327
evenBo15.oddBo40	35	56	483
evenBo23.oddBo10	27	86	260
evenBo25.oddBo36	25	60	520
evenBo48.oddBo2	2	94	215
evenBo19.oddBo27	31	69	823
evenBo6.oddBo30	44	66	424
evenBo29.oddBo45	21	51	551
evenBo4.oddBo50	46	46	134
evenBo41.oddBo28	9	68	921
evenBo48.oddBo62	2	34	596
evenBo11.oddBo64	39	32	345
evenBo40.oddBo39	10	57	857
evenBo45.oddBo63	5	33	485
evenBo16.oddBo68	34	28	589
evenBo35.oddBo36	15	60	781
evenBo19.oddBo62	31	34	566
evenBo20.oddBo65	30	31	837
evenBo20.oddBo11	30	85	255
evenBo14.oddBo14	36	82	205
evenBo18.oddBo15	32	81	478
evenBo14.oddBo4	36	92	177
evenBo40.oddBo28	10	68	904
evenBo31.oddBo27	19	69	474
evenBo18.oddBo12	32	84	492
evenBo19.oddBo31	31	65	567
evenBo36.oddBo5	14	91	240
evenBo17.oddBo37	33	59	814
evenBo12.oddBo45	38	51	530
evenBo29.oddBo32	21	64	675
evenBo8.oddBo29	42	67	326
evenBo6.oddBo2	44	94	335
evenBo11.oddBo17	39	79	176
evenBo9.oddBo56	41	40	545
evenBo28.oddBo39	22	57	600
evenBo29.oddBo6	21	90	507
evenBo5.oddBo58	45	38	257
evenBo30.oddBo42	20	54	690
evenBo1.oddBo2	49	94	209
evenBo39.oddBo25	11	71	618
evenBo5.oddBo30	45	66	281
evenBo46.oddBo32	4	64	670
evenBo48.oddBo48	2	48	201
evenBo1.oddBo8	49	88	182
evenBo44.oddBo64	6	32	373
evenBo25.oddBo26	25	70	512
evenBo36.oddBo50	14	46	853
evenBo10.oddBo13	40	83	191
evenBo24.oddBo7	26	89	264
evenBo4.oddBo35	46	61	408
evenBo19.oddBo42	31	54	667
evenBo49.oddBo60	1	36	471
evenBo1.oddBo26	49	70	140
evenBo43.oddBo12	7	84	359
evenBo26.oddBo23	24	73	387
evenBo18.oddBo41	32	55	865
evenBo6.oddBo29	44	67	194
evenBo30.oddBo30	20	66	770
evenBo19.oddBo70	31	26	588
evenBo33.oddBo25	17	71	640
evenBo47.oddBo10	3	86	268
evenBo27.oddBo1	23	95	238
evenBo46.oddBo64	4	32	407
evenBo48.oddBo63	2	33	534
evenBo2.oddBo19	48	77	108
evenBo46.oddBo44	4	52	453
evenBo8.oddBo67	42	29	331
evenBo29.oddBo22	21	74	782
evenBo21.oddBo38	29	58	835
evenBo46.oddBo29	4	67	517
evenBo18.oddBo25	32	71	706
evenBo37.oddBo52	13	44	861
evenBo44.oddBo66	6	30	493
evenBo6.oddBo55	44	41	233
evenBo40.oddBo19	10	77	526
evenBo12.oddBo7	38	89	205
evenBo27.oddBo6	23	90	215
evenBo3.oddBo14	47	82	191
evenBo10.oddBo40	40	56	378
evenBo45.oddBo1	5	95	304
evenBo17.oddBo62	33	34	769
evenBo15.oddBo18	35	78	193
evenBo13.oddBo1	37	95	404
evenBo11.oddBo52	39	44	507
evenBo15.oddBo11	35	85	145
evenBo6.oddBo20	44	76	241
evenBo29.oddBo49	21	47	693
evenBo10.oddBo56	40	40	502
evenBo16.oddBo8	34	88	134
evenBo1.oddBo27	49	69	129
evenBo15.oddBo14	35	82	264
evenBo21.oddBo7	29	89	107
evenBo24.oddBo14	26	82	269
evenBo8.oddBo44	42	52	506
evenBo40.oddBo13	10	83	1008
evenBo48.oddBo49	2	47	240
evenBo28.oddBo19	22	77	271
evenBo29.oddBo14	21	82	371
evenBo25.oddBo17	25	79	301
evenBo10.oddBo22	40	74	406
evenBo11.oddBo16	39	80	191
evenBo48.oddBo39	2	57	188
evenBo26.oddBo26	24	70	608
evenBo29.oddBo12	21	84	249
evenBo17.oddBo45	33	51	573
evenBo11.oddBo12	39	84	112
evenBo23.oddBo6	27	90	236
evenBo22.oddBo25	28	71	602
evenBo43.oddBo23	7	73	911
evenBo48.oddBo70	2	26	1044
evenBo42.oddBo40	8	56	609
evenBo27.oddBo40	23	56	536
evenBo49.oddBo26	1	70	424
evenBo21.oddBo64	29	32	488
evenBo49.oddBo38	1	58	175
evenBo44.oddBo41	6	55	420
evenBo47.oddBo26	3	70	780
evenBo6.oddBo66	44	30	208
evenBo49.oddBo43	1	53	252
evenBo47.oddBo17	3	79	490
evenBo8.oddBo45	42	51	647
evenBo49.oddBo41	1	55	239
evenBo27.oddBo70	23	26	936
evenBo24.oddBo39	26	57	744
evenBo38.oddBo15	12	81	462
evenBo18.oddBo29	32	67	532
evenBo33.oddBo12	17	84	355
evenBo34.oddBo31	16	65	905
evenBo41.oddBo56	9	40	805
evenBo40.oddBo5	10	91	177
evenBo42.oddBo1	8	95	633
evenBo13.oddBo17	37	79	341
evenBo37.oddBo23	13	73	954
evenBo10.oddBo36	40	60	463
evenBo18.oddBo36	32	60	733
evenBo8.oddBo68	42	28	196
evenBo9.oddBo48	41	48	593
evenBo4.oddBo17	46	79	104
evenBo49.oddBo66	1	30	758
evenBo34.oddBo26	16	70	647
evenBo31.oddBo40	19	56	480
evenBo12.oddBo24	38	72	337
evenBo25.oddBo68	25	28	1132
evenBo49.oddBo47	1	49	249
evenBo15.oddBo52	35	44	558
evenBo50.oddBo38	0	58	146
evenBo19.oddBo34	31	62	696
evenBo33.oddBo23	17	73	751
evenBo41.oddBo30	9	66	559
evenBo11.oddBo23	39	73	317
evenBo25.oddBo33	25	63	681
evenBo45.oddBo40	5	56	565
evenBo35.oddBo27	15	69	725
evenBo47.oddBo2	3	94	270
evenBo7.oddBo50	43	46	559
evenBo33.oddBo55	17	41	674
evenBo4.oddBo8	46	88	159
evenBo35.oddBo13	15	83	468
evenBo38.oddBo17	12	79	408
evenBo47.oddBo16	3	80	831
evenBo36.oddBo9	14	87	504
evenBo12.oddBo32	38	64	455
evenBo33.oddBo62	17	34	1086
evenBo5.oddBo55	45	41	213
evenBo22.oddBo37	28	59	707
evenBo29.oddBo18	21	78	725
evenBo32.oddBo2	18	94	163
evenBo13.oddBo24	37	72	422
evenBo6.oddBo8	44	88	192
evenBo47.oddBo41	3	55	350
evenBo14.oddBo2	36	94	425
evenBo10.oddBo63	40	33	490
evenBo49.oddBo70	1	26	685
evenBo10.oddBo43	40	53	385
evenBo43.oddBo39	7	57	388
evenBo45.oddBo64	5	32	455
evenBo1.oddBo32	49	64	174
evenBo8.oddBo25	42	71	525
evenBo48.oddBo18	2	78	462
evenBo48.oddBo24	2	72	921
evenBo9.oddBo22	41	74	501
evenBo34.oddBo38	16	58	1028
evenBo28.oddBo66	22	30	937
evenBo30.oddBo12	20	84	224
evenBo17.oddBo70	33	26	568
evenBo5.oddBo16	45	80	227
evenBo3.oddBo55	47	41	145
evenBo32.oddBo32	18	64	558
evenBo13.oddBo49	37	47	526
evenBo12.oddBo27	38	69	343
evenBo22.oddBo40	28	56	616
evenBo2.oddBo37	48	59	253
evenBo30.oddBo8	20	88	199
evenBo30.oddBo24	20	72	440
evenBo24.oddBo21	26	75	619
evenBo48.oddBo65	2	31	470
evenBo37.oddBo39	13	57	760
evenBo31.oddBo34	19	62	522
evenBo6.oddBo6	44	90	93
evenBo30.oddBo21	20	75	568
evenBo25.oddBo42	25	54	580
evenBo50.oddBo45	0	51	184
evenBo20.oddBo14	30	82	394
evenBo1.oddBo50	49	46	228
evenBo45.oddBo13	5	83	603
evenBo12.oddBo22	38	74	400
evenBo46.oddBo14	4	82	503
evenBo31.oddBo31	19	65	568
evenBo34.oddBo24	16	72	898
evenBo6.oddBo41	44	55	315
evenBo47.oddBo50	3	46	113
evenBo7.oddBo4	43	92	93
evenBo15.oddBo48	35	48	287
evenBo44.oddBo2	6	94	237
evenBo8.oddBo40	42	56	509
evenBo2.oddBo10	48	86	121
evenBo6.oddBo33	44	63	294
evenBo39.oddBo12	11	84	429
evenBo5.oddBo41	45	55	175
evenBo26.oddBo21	24	75	547
evenBo24.oddBo17	26	79	329
evenBo11.oddBo35	39	61	432
evenBo16.oddBo24	34	72	339
evenBo42.oddBo51	8	45	467
evenBo16.oddBo26	34	70	612
evenBo38.oddBo9	12	87	341
evenBo20.oddBo68	30	28	588
evenBo19.oddBo9	31	87	215
evenBo14.oddBo68	36	28	485
evenBo8.oddBo17	42	79	189
evenBo40.oddBo25	10	71	1062
evenBo42.oddBo4	8	92	211
evenBo10.oddBo66	40	30	320
evenBo8.oddBo23	42	73	267
evenBo38.oddBo44	12	52	639
evenBo32.oddBo40	18	56	496
evenBo21.oddBo3	29	93	240
evenBo19.oddBo18	31	78	403
evenBo24.oddBo23	26	73	315
evenBo24.oddBo22	26	74	681
evenBo36.oddBo4	14	92	206
evenBo11.oddBo25	39	71	323
evenBo10.oddBo70	40	26	170
evenBo48.oddBo13	2	83	438
evenBo5.oddBo32	45	64	200
evenBo19.oddBo2	31	94	384
evenBo13.oddBo7	37	89	168
evenBo25.oddBo5	25	91	292
evenBo50.oddBo4	0	92	123
evenBo36.oddBo28	14	68	714
evenBo21.oddBo30	29	66	491
evenBo27.oddBo13	23	83	363
evenBo43.oddBo2	7	94	233
evenBo44.oddBo38	6	58	597
evenBo49.oddBo68	1	28	811
evenBo7.oddBo6	43	90	108
evenBo22.oddBo11	28	85	184
evenBo17.oddBo9	33	87	190
evenBo24.oddBo25	26	71	688
evenBo47.oddBo45	3	51	163
evenBo21.oddBo15	29	81	378
evenBo19.oddBo15	31	81	405
evenBo13.oddBo11	37	85	196
evenBo1.oddBo10	49	86	91
evenBo34.oddBo14	16	82	657
evenBo8.oddBo2	42	94	211
evenBo8.oddBo15	42	81	200
evenBo1.oddBo15	49	81	168
evenBo21.oddBo16	29	80	292
evenBo14.oddBo18	36	78	231
evenBo45.oddBo9	5	87	204
evenBo2.oddBo67	48	29	133
evenBo11.oddBo2	39	94	292
evenBo7.oddBo70	43	26	230
evenBo31.oddBo6	19	90	180
evenBo28.oddBo42	22	54	497
evenBo20.oddBo15	30	81	274
evenBo13.oddBo44	37	52	371
evenBo15.oddBo34	35	62	459
evenBo15.oddBo10	35	86	256
evenBo8.oddBo34	42	62	550
evenBo39.oddBo27	11	69	503
evenBo40.oddBo10	10	86	353
evenBo40.oddBo16	10	80	621
evenBo10.oddBo46	40	50	496
evenBo31.oddBo29	19	67	582
evenBo18.oddBo10	32	86	248
evenBo17.oddBo47	33	49	622
evenBo16.oddBo25	34	71	508
evenBo9.oddBo62	41	34	321
evenBo8.oddBo46	42	50	486
evenBo6.oddBo1	44	95	306
evenBo19.oddBo1	31	95	639
evenBo50.oddBo7	0	89	71
evenBo43.oddBo36	7	60	445
evenBo15.oddBo45	35	51	267
evenBo13.oddBo66	37	30	455
evenBo2.oddBo56	48	40	234
evenBo5.oddBo1	45	95	106
evenBo9.oddBo65	41	31	268
evenBo38.oddBo25	12	71	1082
evenBo25.oddBo40	25	56	491
evenBo1.oddBo46	49	50	128
evenBo12.oddBo12	38	84	213
evenBo27.oddBo20	23	76	359
evenBo4.oddBo58	46	38	278
evenBo12.oddBo16	38	80	315
evenBo46.oddBo55	4	41	674
evenBo1.oddBo13	49	83	144
evenBo15.oddBo42	35	54	311
evenBo16.oddBo35	34	61	658
evenBo37.oddBo46	13	50	659
evenBo10.oddBo65	40	31	320
evenBo5.oddBo7	45	89	166
evenBo19.oddBo7	31	89	168
evenBo37.oddBo33	13	63	632
evenBo42.oddBo50	8	46	324
evenBo29.oddBo19	21	77	387
evenBo31.oddBo11	19	85	335
evenBo27.oddBo45	23	51	398
evenBo30.oddBo26	20	70	458
evenBo20.oddBo7	30	89	134
evenBo13.oddBo16	37	80	227
evenBo21.oddBo6	29	90	111
evenBo9.oddBo69	41	27	196
evenBo1.oddBo61	49	35	191
evenBo8.oddBo31	42	65	403
evenBo13.oddBo28	37	68	496
evenBo36.oddBo26	14	70	738
evenBo7.oddBo60	43	36	321
evenBo11.oddBo26	39	70	276
evenBo13.oddBo2	37	94	319
evenBo13.oddBo19	37	77	239
evenBo48.oddBo44	2	52	454
evenBo9.oddBo57	41	39	568
evenBo34.oddBo39	16	57	761
evenBo17.oddBo31	33	65	519
evenBo45.oddBo24	5	72	880
evenBo34.oddBo27	16	69	680
evenBo46.oddBo12	4	84	257
evenBo4.oddBo11	46	85	227
evenBo27.oddBo28	23	68	759
evenBo2.oddBo32	48	64	220
evenBo45.oddBo47	5	49	490
evenBo13.oddBo51	37	45	535
evenBo6.oddBo49	44	47	301
evenBo43.oddBo50	7	46	136
evenBo37.oddBo37	13	59	780
evenBo9.oddBo46	41	50	386
evenBo24.oddBo40	26	56	607
evenBo7.oddBo31	43	65	305
evenBo7.oddBo21	43	75	277
evenBo45.oddBo62	5	34	465
evenBo4.oddBo53	46	43	279
evenBo40.oddBo32	10	64	897
evenBo43.oddBo51	7	45	277
evenBo28.oddBo12	22	84	219
evenBo28.oddBo45	22	51	545
evenBo49.oddBo45	1	51	302
evenBo47.oddBo60	3	36	365
evenBo47.oddBo11	3	85	246
evenBo20.oddBo32	30	64	601
evenBo24.oddBo30	26	66	763
evenBo15.oddBo24	35	72	350
evenBo18.oddBo28	32	68	805
evenBo32.oddBo19	18	77	425
evenBo50.oddBo42	0	54	113
evenBo28.oddBo1	22	95	203
evenBo48.oddBo64	2	32	361
evenBo33.oddBo15	17	81	460
evenBo34.oddBo32	16	64	834
evenBo16.oddBo34	34	62	741
evenBo28.oddBo20	22	76	361
evenBo5.oddBo46	45	50	230
evenBo7.oddBo66	43	30	131
evenBo3.oddBo1	47	95	162
evenBo39.oddBo30	11	66	492
evenBo16.oddBo16	34	80	441
evenBo15.oddBo5	35	91	135
evenBo8.oddBo64	42	32	330
evenBo1.oddBo49	49	47	87
evenBo39.oddBo17	11	79	259
evenBo42.oddBo8	8	88	315
evenBo28.oddBo23	22	73	336
evenBo21.oddBo9	29	87	235
evenBo46.oddBo42	4	54	377
evenBo8.oddBo9	42	87	206
evenBo31.oddBo41	19	55	696
evenBo8.oddBo1	42	95	251
evenBo1.oddBo22	49	74	204
evenBo41.oddBo49	9	47	553
evenBo18.oddBo13	32	83	239
evenBo5.oddBo22	45	74	211
evenBo44.oddBo11	6	85	355
evenBo41.oddBo27	9	69	681
evenBo17.oddBo44	33	52	471
evenBo46.oddBo30	4	66	353
evenBo3.oddBo62	47	34	199
evenBo24.oddBo18	26	78	267
evenBo25.oddBo12	25	84	216
evenBo16.oddBo19	34	77	321
evenBo4.oddBo40	46	56	262
evenBo12.oddBo21	38	75	428
evenBo1.oddBo52	49	44	147
evenBo30.oddBo32	20	64	553
evenBo33.oddBo38	17	58	968
evenBo24.oddBo15	26	81	328
evenBo37.oddBo25	13	71	892
evenBo10.oddBo12	40	84	191
evenBo21.oddBo19	29	77	341
evenBo3.oddBo37	47	59	144
evenBo42.oddBo31	8	65	953
evenBo26.oddBo22	24	74	657
evenBo50.oddBo33	0	63	164
evenBo47.oddBo36	3	60	251
evenBo24.oddBo42	26	54	560
evenBo5.oddBo20	45	76	111
evenBo45.oddBo48	5	48	263
evenBo31.oddBo25	19	71	465
evenBo14.oddBo15	36	81	221
evenBo4.oddBo38	46	58	330
evenBo48.oddBo29	2	67	405
evenBo48.oddBo14	2	82	318
evenBo47.oddBo3	3	93	177
evenBo24.oddBo24	26	72	470
evenBo6.oddBo36	44	60	357
evenBo41.oddBo33	9	63	630
evenBo5.oddBo40	45	56	171
evenBo45.oddBo59	5	37	820
evenBo49.oddBo42	1	54	144
evenBo4.oddBo1	46	95	95
evenBo30.oddBo33	20	63	594
evenBo49.oddBo4	1	92	198
evenBo50.oddBo35	0	61	187
evenBo35.oddBo11	15	85	512
evenBo39.oddBo45	11	51	441
evenBo9.oddBo18	41	78	247
evenBo23.oddBo23	27	73	306
evenBo27.oddBo21	23	75	406
evenBo41.oddBo25	9	71	867
evenBo42.oddBo28	8	68	864
evenBo48.oddBo45	2	51	328
evenBo28.oddBo2	22	94	153
evenBo5.oddBo65	45	31	166
evenBo9.oddBo60	41	36	448
evenBo18.oddBo19	32	77	386
evenBo17.oddBo69	33	27	599
evenBo31.oddBo16	19	80	369
evenBo15.oddBo30	35	66	404
evenBo50.oddBo21	0	75	526
evenBo23.oddBo19	27	77	289
evenBo49.oddBo28	1	68	387
evenBo43.oddBo43	7	53	393
evenBo31.oddBo9	19	87	285
evenBo20.oddBo8	30	88	339
evenBo14.oddBo21	36	75	511
evenBo24.oddBo1	26	95	528
evenBo26.oddBo1	24	95	261
evenBo46.oddBo26	4	70	889
evenBo11.oddBo41	39	55	417
evenBo39.oddBo15	11	81	353
evenBo26.oddBo16	24	80	344
evenBo5.oddBo15	45	81	114
evenBo50.oddBo17	0	79	249
evenBo50.oddBo8	0	88	135
evenBo14.oddBo27	36	69	510
evenBo25.oddBo3	25	93	206
evenBo16.oddBo1	34	95	541
evenBo39.oddBo34	11	62	529
evenBo36.oddBo12	14	84	474
evenBo31.oddBo14	19	82	291
evenBo27.oddBo16	23	80	278
evenBo11.oddBo49	39	47	454
evenBo10.oddBo45	40	51	353
evenBo45.oddBo55	5	41	430
evenBo7.oddBo42	43	54	483
evenBo9.oddBo6	41	90	153
evenBo50.oddBo15	0	81	182
evenBo47.oddBo7	3	89	210
evenBo33.oddBo3	17	93	440
evenBo16.oddBo31	34	65	496
evenBo17.oddBo46	33	50	475
evenBo12.oddBo44	38	52	434
evenBo47.oddBo49	3	47	262
evenBo43.oddBo48	7	48	278
evenBo15.oddBo23	35	73	327
evenBo44.oddBo39	6	57	453
evenBo13.oddBo21	37	75	526
evenBo27.oddBo38	23	58	686
evenBo6.oddBo5	44	91	63
evenBo14.oddBo6	36	90	243
evenBo22.oddBo13	28	83	284
evenBo50.oddBo53	0	43	342
evenBo1.oddBo59	49	37	246
evenBo24.oddBo3	26	93	448
evenBo1.oddBo36	49	60	173
evenBo32.oddBo41	18	55	675
evenBo30.oddBo15	20	81	280
evenBo29.oddBo4	21	92	348
evenBo41.oddBo2	9	94	294
evenBo35.oddBo5	15	91	416
evenBo48.oddBo12	2	84	203
evenBo5.oddBo21	45	75	156
evenBo3.oddBo7	47	89	98
evenBo10.oddBo67	40	29	411
evenBo24.oddBo33	26	63	807
evenBo24.oddBo20	26	76	372
evenBo5.oddBo61	45	35	134
evenBo43.oddBo10	7	86	223
evenBo12.oddBo49	38	47	380
evenBo28.oddBo3	22	93	339
evenBo13.oddBo12	37	84	239
evenBo19.oddBo5	31	91	199
evenBo43.oddBo18	7	78	513
evenBo22.oddBo10	28	86	188
evenBo30.oddBo35	20	61	569
evenBo37.oddBo15	13	81	663
evenBo12.oddBo60	38	36	660
evenBo5.oddBo3	45	93	74
evenBo10.oddBo3	40	93	239
evenBo18.oddBo4	32	92	272
evenBo29.oddBo27	21	69	351
evenBo13.oddBo5	37	91	175
evenBo50.oddBo52	0	44	177
evenBo17.oddBo25	33	71	502
evenBo2.oddBo54	48	42	272
evenBo6.oddBo16	44	80	181
evenBo48.oddBo66	2	30	702
evenBo23.oddBo33	27	63	482
evenBo18.oddBo1	32	95	483
evenBo2.oddBo70	48	26	231
evenBo44.oddBo31	6	65	568
evenBo45.oddBo66	5	30	584
evenBo9.oddBo66	41	30	301
evenBo28.oddBo25	22	71	555
evenBo7.oddBo33	43	63	428
evenBo15.oddBo6	35	90	173
evenBo24.oddBo12	26	84	251
evenBo22.oddBo42	28	54	538
evenBo1.oddBo63	49	33	258
evenBo48.oddBo6	2	90	100
evenBo8.oddBo42	42	54	542
evenBo4.oddBo70	46	26	171
evenBo38.oddBo48	12	48	977
evenBo34.oddBo44	16	52	979
evenBo40.oddBo48	10	48	576
evenBo21.oddBo11	29	85	268
evenBo11.oddBo19	39	77	226
evenBo15.oddBo35	35	61	496
evenBo39.oddBo19	11	77	295
evenBo50.oddBo16	0	80	270
evenBo3.oddBo18	47	78	107
evenBo18.oddBo18	32	78	470
evenBo3.oddBo9	47	87	86
evenBo37.oddBo19	13	77	416
evenBo48.oddBo16	2	80	485
evenBo50.oddBo51	0	45	241
evenBo41.oddBo19	9	77	462
evenBo39.oddBo20	11	76	494
evenBo21.oddBo14	29	82	325
evenBo44.oddBo3	6	93	324
evenBo39.oddBo32	11	64	436
evenBo6.oddBo34	44	62	301
evenBo8.oddBo62	42	34	381
evenBo25.oddBo39	25	57	571
evenBo48.oddBo31	2	65	295
evenBo4.oddBo64	46	32	322
evenBo10.oddBo68	40	28	232
evenBo49.oddBo30	1	66	309
evenBo6.oddBo9	44	87	111
evenBo48.oddBo30	2	66	263
evenBo27.oddBo2	23	94	217
evenBo25.oddBo8	25	88	308
evenBo43.oddBo60	7	36	523
evenBo43.oddBo38	7	58	513
evenBo13.oddBo13	37	83	196
evenBo48.oddBo47	2	49	204
evenBo39.oddBo42	11	54	384
evenBo7.oddBo67	43	29	203
evenBo3.oddBo35	47	61	171
evenBo21.oddBo35	29	61	427
evenBo17.oddBo8	33	88	210
evenBo44.oddBo46	6	50	304
evenBo47.oddBo61	3	35	343
evenBo15.oddBo70	35	26	354
evenBo30.oddBo13	20	83	378
evenBo37.oddBo3	13	93	219
evenBo12.oddBo35	38	61	464
evenBo37.oddBo20	13	76	560
evenBo8.oddBo10	42	86	118
evenBo1.oddBo33	49	63	176
evenBo17.oddBo29	33	67	481
evenBo6.oddBo13	44	83	149
evenBo39.oddBo43	11	53	407
evenBo35.oddBo8	15	88	208
evenBo28.oddBo9	22	87	259
evenBo21.oddBo28	29	68	666
evenBo32.oddBo46	18	50	701
evenBo47.oddBo48	3	48	291
evenBo23.oddBo12	27	84	260
evenBo41.oddBo18	9	78	464
evenBo39.oddBo5	11	91	117
evenBo50.oddBo50	0	46	119
evenBo13.oddBo15	37	81	160
evenBo8.oddBo12	42	84	219
evenBo14.oddBo45	36	51	513
evenBo3.oddBo26	47	70	182
evenBo4.oddBo51	46	45	159
evenBo35.oddBo19	15	77	622
evenBo29.oddBo2	21	94	153
evenBo5.oddBo36	45	60	132
evenBo50.oddBo13	0	83	244
evenBo12.oddBo64	38	32	461
evenBo3.oddBo19	47	77	130
evenBo49.oddBo18	1	78	484
evenBo19.oddBo6	31	90	240
evenBo46.oddBo49	4	47	232
evenBo11.oddBo3	39	93	244
evenBo9.oddBo4	41	92	264
evenBo48.oddBo36	2	60	114
evenBo3.oddBo54	47	42	182
evenBo24.oddBo19	26	77	390
evenBo25.oddBo46	25	50	507
evenBo16.oddBo13	34	83	295
evenBo27.oddBo17	23	79	323
evenBo25.oddBo20	25	76	334
evenBo46.oddBo13	4	83	411
evenBo28.oddBo17	22	79	233
evenBo23.oddBo43	27	53	711
evenBo36.oddBo13	14	83	410
evenBo7.oddBo25	43	71	344
evenBo7.oddBo26	43	70	393
evenBo48.oddBo61	2	35	645
evenBo5.oddBo5	45	91	143
evenBo22.oddBo29	28	67	306
evenBo16.oddBo18	34	78	285
evenBo49.oddBo65	1	31	594
evenBo26.oddBo24	24	72	379
evenBo13.oddBo23	37	73	265
evenBo29.oddBo33	21	63	642
evenBo3.oddBo39	47	57	178
evenBo43.oddBo13	7	83	503
evenBo10.oddBo27	40	69	440
evenBo50.oddBo23	0	73	438
evenBo3.oddBo16	47	80	90
evenBo19.oddBo19	31	77	440
evenBo2.oddBo65	48	31	210
evenBo50.oddBo11	0	85	142
evenBo48.oddBo34	2	62	315
evenBo27.oddBo11	23	85	232
evenBo15.oddBo16	35	80	292
evenBo28.oddBo7	22	89	365
evenBo23.oddBo44	27	52	621
evenBo32.oddBo6	18	90	232
evenBo16.oddBo11	34	85	252
evenBo26.oddBo13	24	83	294
evenBo42.oddBo9	8	87	371
evenBo23.oddBo45	27	51	636
evenBo16.oddBo47	34	49	488
evenBo5.oddBo54	45	42	192
evenBo1.oddBo20	49	76	257
evenBo3.oddBo25	47	71	196
evenBo14.oddBo69	36	27	639
evenBo9.oddBo31	41	65	379
evenBo4.oddBo65	46	31	232
evenBo3.oddBo5	47	91	52
evenBo6.oddBo54	44	42	445
evenBo47.oddBo65	3	31	415
evenBo20.oddBo3	30	93	318
evenBo42.oddBo10	8	86	408
evenBo13.oddBo70	37	26	328
evenBo23.oddBo3	27	93	258
evenBo29.oddBo20	21	76	508
evenBo29.oddBo17	21	79	224
evenBo6.oddBo56	44	40	376
evenBo13.oddBo68	37	28	392
evenBo4.oddBo44	46	52	347
evenBo31.oddBo19	19	77	299
evenBo6.oddBo24	44	72	138
evenBo5.oddBo63	45	33	152
evenBo50.oddBo37	0	59	184
evenBo38.oddBo19	12	77	485
evenBo12.oddBo3	38	93	177
evenBo12.oddBo66	38	30	442
evenBo22.oddBo19	28	77	206
evenBo9.oddBo34	41	62	466
evenBo1.oddBo41	49	55	121
evenBo9.oddBo30	41	66	570
evenBo8.oddBo20	42	76	219
evenBo17.oddBo3	33	93	239
evenBo6.oddBo11	44	85	147
evenBo50.oddBo28	0	68	280
evenBo19.oddBo63	31	33	684
evenBo21.oddBo1	29	95	371
evenBo11.oddBo67	39	29	384
evenBo15.oddBo25	35	71	532
evenBo6.oddBo58	44	38	375
evenBo41.oddBo34	9	62	660
evenBo21.oddBo29	29	67	383
evenBo10.oddBo47	40	49	449
evenBo45.oddBo68	5	28	680
evenBo32.oddBo34	18	62	489
evenBo5.oddBo57	45	39	125
evenBo27.oddBo25	23	71	370
evenBo31.oddBo1	19	95	195
evenBo48.oddBo11	2	85	211
evenBo34.oddBo4	16	92	211
evenBo1.oddBo37	49	59	221
evenBo43.oddBo30	7	66	339
evenBo10.oddBo11	40	85	211
evenBo2.oddBo57	48	39	163
evenBo10.oddBo42	40	54	258
evenBo44.oddBo45	6	51	433
evenBo23.oddBo15	27	81	401
evenBo32.oddBo14	18	82	301
evenBo28.oddBo24	22	72	463
evenBo2.oddBo25	48	71	162
evenBo44.oddBo5	6	91	327
evenBo16.oddBo27	34	69	641
evenBo48.oddBo40	2	56	249
evenBo46.oddBo6	4	90	212
evenBo15.oddBo43	35	53	348
evenBo43.oddBo25	7	71	453
evenBo22.oddBo16	28	80	358
evenBo37.oddBo34	13	62	635
evenBo11.oddBo53	39	43	690
evenBo24.oddBo16	26	80	319
evenBo43.oddBo1	7	95	252
evenBo37.oddBo6	13	90	199
evenBo3.oddBo59	47	37	204
evenBo11.oddBo32	39	64	255
evenBo6.oddBo26	44	70	240
evenBo21.oddBo2	29	94	241
evenBo46.oddBo54	4	42	693
evenBo33.oddBo5	17	91	287
evenBo3.oddBo32	47	64	148
evenBo26.oddBo10	24	86	282
evenBo46.oddBo1	4	95	322
evenBo13.oddBo3	37	93	239
evenBo18.oddBo8	32	88	197
evenBo45.oddBo3	5	93	369
evenBo2.oddBo48	48	48	114
evenBo50.oddBo12	0	84	174
evenBo50.oddBo44	0	52	122
evenBo7.oddBo16	43	80	99
evenBo9.oddBo8	41	88	132
evenBo30.oddBo14	20	82	201
evenBo3.oddBo70	47	26	79
evenBo43.oddBo40	7	56	371
evenBo38.oddBo8	12	88	263
evenBo45.oddBo56	5	40	728
evenBo6.oddBo63	44	33	284
evenBo4.oddBo31	46	65	194
evenBo30.oddBo17	20	79	280
evenBo14.oddBo9	36	87	325
evenBo23.oddBo4	27	92	120
evenBo48.oddBo7	2	89	113
evenBo9.oddBo11	41	85	138
evenBo12.oddBo14	38	82	217
evenBo32.oddBo7	18	89	286
evenBo40.oddBo53	10	43	686
evenBo15.oddBo27	35	69	310
evenBo48.oddBo15	2	81	334
evenBo27.oddBo23	23	73	204
evenBo5.oddBo24	45	72	108
evenBo17.oddBo68	33	28	437
evenBo4.oddBo15	46	81	189
evenBo29.oddBo40	21	56	683
evenBo40.oddBo51	10	45	842
evenBo14.oddBo13	36	83	251
evenBo43.oddBo49	7	47	284
evenBo8.oddBo5	42	91	183
evenBo6.oddBo69	44	27	185
evenBo25.oddBo10	25	86	324
evenBo42.oddBo49	8	47	453
evenBo18.oddBo33	32	63	518
evenBo23.oddBo22	27	74	690
evenBo45.oddBo65	5	31	452
evenBo22.oddBo8	28	88	148
evenBo2.oddBo11	48	85	56
evenBo26.oddBo7	24	89	233
evenBo27.oddBo7	23	89	268
evenBo21.oddBo12	29	84	205
evenBo47.oddBo47	3	49	369
evenBo30.oddBo7	20	89	237
evenBo33.oddBo2	17	94	161
evenBo2.oddBo26	48	70	90
evenBo25.oddBo27	25	69	491
evenBo3.oddBo15	47	81	118
evenBo4.oddBo36	46	60	355
evenBo30.oddBo5	20	91	192
evenBo8.oddBo28	42	68	442
evenBo21.oddBo27	29	69	464
evenBo34.oddBo3	16	93	227
evenBo49.oddBo5	1	91	103
evenBo3.oddBo10	47	86	61
evenBo38.oddBo3	12	93	245
evenBo30.oddBo34	20	62	471
evenBo35.oddBo35	15	61	931
evenBo45.oddBo10	5	86	244
evenBo25.oddBo18	25	78	294
evenBo32.oddBo1	18	95	339
evenBo24.oddBo11	26	85	243
evenBo16.oddBo2	34	94	359
evenBo40.oddBo7	10	89	206
evenBo48.oddBo37	2	59	272
evenBo23.oddBo17	27	79	210
evenBo7.oddBo24	43	72	220
evenBo9.oddBo1	41	95	304
evenBo40.oddBo6	10	90	315
evenBo35.oddBo4	15	92	345
evenBo14.oddBo70	36	26	457
evenBo28.oddBo40	22	56	520
evenBo42.oddBo7	8	89	235
evenBo49.oddBo64	1	32	312
evenBo12.oddBo6	38	90	91
evenBo4.oddBo41	46	55	325
evenBo12.oddBo17	38	79	167
evenBo3.oddBo66	47	30	183
evenBo46.oddBo62	4	34	416
evenBo4.oddBo61	46	35	211
evenBo6.oddBo32	44	64	229
evenBo18.oddBo68	32	28	404
evenBo4.oddBo60	46	36	198
evenBo11.oddBo18	39	78	171
evenBo42.oddBo24	8	72	676
evenBo4.oddBo20	46	76	194
evenBo27.oddBo37	23	59	657
evenBo15.oddBo9	35	87	101
evenBo49.oddBo20	1	76	426
evenBo41.oddBo8	9	88	295
evenBo10.oddBo30	40	66	349
evenBo47.oddBo27	3	69	584
evenBo44.oddBo50	6	46	221
evenBo4.oddBo32	46	64	183
evenBo3.oddBo30	47	66	133
evenBo50.oddBo34	0	62	181
evenBo7.oddBo68	43	28	179
evenBo28.oddBo14	22	82	261
evenBo20.oddBo16	30	80	368
evenBo20.oddBo18	30	78	266
evenBo45.oddBo52	5	44	341
evenBo46.oddBo47	4	49	245
evenBo29.oddBo26	21	70	479
evenBo31.oddBo18	19	78	289
evenBo42.oddBo2	8	94	324
evenBo40.oddBo8	10	88	279
evenBo43.oddBo11	7	85	338
evenBo9.oddBo9	41	87	147
evenBo4.oddBo49	46	47	112
evenBo12.oddBo23	38	73	224
evenBo12.oddBo8	38	88	93
evenBo1.oddBo47	49	49	111
evenBo31.oddBo30	19	66	572
evenBo13.oddBo6	37	90	146
evenBo22.oddBo14	28	82	264
evenBo9.oddBo68	41	28	342
evenBo43.oddBo6	7	90	198
evenBo10.oddBo41	40	55	347
evenBo40.oddBo17	10	79	445
evenBo2.oddBo20	48	76	145
evenBo29.oddBo11	21	85	324
evenBo39.oddBo44	11	52	322
evenBo32.oddBo3	18	93	210
evenBo44.oddBo40	6	56	424
evenBo2.oddBo1	48	95	107
evenBo31.oddBo21	19	75	495
evenBo47.oddBo9	3	87	172
evenBo21.oddBo20	29	76	292
evenBo44.oddBo9	6	87	218
evenBo39.oddBo50	11	46	412
evenBo25.oddBo13	25	83	219
evenBo46.oddBo50	4	46	144
evenBo8.oddBo22	42	74	399
evenBo41.oddBo5	9	91	284
evenBo48.oddBo5	2	91	135
evenBo6.oddBo23	44	73	263
evenBo9.oddBo3	41	93	119
evenBo19.oddBo3	31	93	235
evenBo3.oddBo67	47	29	149
evenBo48.oddBo38	2	58	273
evenBo9.oddBo5	41	91	184
evenBo6.oddBo70	44	26	209
evenBo18.oddBo24	32	72	331
evenBo50.oddBo41	0	55	157
evenBo2.oddBo6	48	90	96
evenBo9.oddBo12	41	84	152
evenBo8.oddBo16	42	80	281
evenBo15.oddBo20	35	76	287
evenBo49.oddBo1	1	95	260
evenBo27.oddBo22	23	74	396
evenBo2.oddBo21	48	75	138
evenBo3.oddBo53	47	43	139
evenBo6.oddBo25	44	71	273
evenBo1.oddBo66	49	30	119
evenBo15.oddBo69	35	27	586
evenBo36.oddBo24	14	72	607
evenBo18.oddBo9	32	87	243
evenBo8.oddBo13	42	83	144
evenBo39.oddBo39	11	57	365
evenBo27.oddBo10	23	86	253
evenBo33.oddBo4	17	92	239
evenBo47.oddBo37	3	59	248
evenBo27.oddBo4	23	92	239
evenBo45.oddBo5	5	91	208
evenBo4.oddBo34	46	62	153
evenBo6.oddBo19	44	77	154
evenBo30.oddBo3	20	93	136
evenBo48.oddBo4	2	92	156
evenBo49.oddBo12	1	84	262
evenBo6.oddBo27	44	69	195
evenBo26.oddBo14	24	82	222
evenBo19.oddBo8	31	88	253
evenBo26.oddBo6	24	90	193
evenBo18.oddBo17	32	79	355
evenBo35.oddBo18	15	78	543
evenBo17.oddBo10	33	86	237
evenBo5.oddBo39	45	57	205
evenBo12.oddBo15	38	81	198
evenBo46.oddBo10	4	86	331
evenBo7.oddBo17	43	79	107
evenBo5.oddBo29	45	67	177
evenBo5.oddBo10	45	86	127
evenBo7.oddBo14	43	82	161
evenBo45.oddBo49	5	47	217
evenBo4.oddBo56	46	40	272
evenBo25.oddBo15	25	81	229
evenBo36.oddBo8	14	88	252
evenBo3.oddBo11	47	85	94
evenBo11.oddBo5	39	91	85
evenBo7.oddBo69	43	27	189
evenBo46.oddBo3	4	93	226
evenBo32.oddBo28	18	68	501
evenBo14.oddBo10	36	86	192
evenBo16.oddBo6	34	90	207
evenBo13.oddBo14	37	82	152
evenBo3.oddBo60	47	36	93
evenBo13.oddBo27	37	69	353
evenBo7.oddBo9	43	87	147
evenBo45.oddBo11	5	85	395
evenBo3.oddBo63	47	33	112
evenBo4.oddBo14	46	82	274
evenBo22.oddBo17	28	79	228
evenBo37.oddBo2	13	94	169
evenBo48.oddBo42	2	54	133
evenBo49.oddBo46	1	50	160
evenBo3.oddBo51	47	45	110
evenBo1.oddBo24	49	72	124
evenBo46.oddBo60	4	36	407
evenBo10.oddBo21	40	75	349
evenBo2.oddBo53	48	43	268
evenBo1.oddBo43	49	53	140
evenBo47.oddBo30	3	66	439
evenBo28.oddBo4	22	92	139
evenBo4.oddBo67	46	29	159
evenBo5.oddBo62	45	34	157
evenBo1.oddBo19	49	77	149
evenBo5.oddBo53	45	43	224
evenBo17.oddBo2	33	94	221
evenBo9.oddBo43	41	53	333
evenBo13.oddBo22	37	74	388
evenBo41.oddBo7	9	89	219
evenBo46.oddBo61	4	35	321
evenBo17.oddBo64	33	32	575
evenBo9.oddBo64	41	32	298
evenBo21.oddBo13	29	83	261
evenBo31.oddBo4	19	92	173
evenBo43.oddBo8	7	88	219
evenBo50.oddBo10	0	86	83
evenBo1.oddBo55	49	41	205
evenBo47.oddBo35	3	61	527
evenBo3.oddBo58	47	38	124
evenBo30.oddBo23	20	73	326
evenBo44.oddBo49	6	47	342
evenBo3.oddBo13	47	83	64
evenBo2.oddBo60	48	36	196
evenBo22.oddBo15	28	81	377
evenBo40.oddBo26	10	70	1015
evenBo48.oddBo26	2	70	722
evenBo2.oddBo35	48	61	121
evenBo23.oddBo16	27	80	221
evenBo38.oddBo6	12	90	205
evenBo48.oddBo51	2	45	333
evenBo12.oddBo10	38	86	114
evenBo19.oddBo12	31	84	308
evenBo4.oddBo16	46	80	95
evenBo46.oddBo63	4	33	448
evenBo10.oddBo4	40	92	162
evenBo26.oddBo25	24	71	482
evenBo4.oddBo39	46	57	412
evenBo2.oddBo55	48	41	154
evenBo11.oddBo66	39	30	297
evenBo45.oddBo61	5	35	439
evenBo15.oddBo3	35	93	219
evenBo25.oddBo16	25	80	295
evenBo49.oddBo14	1	82	255
evenBo5.oddBo28	45	68	200
evenBo44.oddBo6	6	90	150
evenBo49.oddBo29	1	67	343
evenBo9.oddBo21	41	75	375
evenBo47.oddBo54	3	42	734
evenBo26.oddBo11	24	85	249
evenBo47.oddBo13	3	83	272
evenBo35.oddBo6	15	90	209
evenBo47.oddBo46	3	50	228
evenBo20.oddBo6	30	90	140
evenBo2.oddBo7	48	89	141
evenBo36.oddBo3	14	93	222
evenBo25.oddBo23	25	73	279
evenBo23.oddBo1	27	95	313
evenBo6.oddBo65	44	31	287
evenBo48.oddBo50	2	46	176
evenBo36.oddBo17	14	79	399
evenBo5.oddBo13	45	83	192
evenBo4.oddBo27	46	69	229
evenBo33.oddBo7	17	89	216
evenBo2.oddBo64	48	32	175
evenBo22.oddBo18	28	78	184
evenBo40.oddBo3	10	93	262
evenBo8.oddBo60	42	36	367
evenBo20.oddBo19	30	77	325
evenBo39.oddBo4	11	92	141
evenBo8.oddBo4	42	92	194
evenBo16.oddBo5	34	91	212
evenBo49.oddBo40	1	56	209
evenBo31.oddBo15	19	81	355
evenBo32.oddBo26	18	70	448
evenBo3.oddBo6	47	90	104
evenBo3.oddBo49	47	47	111
evenBo44.oddBo10	6	86	206
evenBo38.oddBo7	12	89	213
evenBo20.oddBo29	30	67	453
evenBo44.oddBo36	6	60	419
evenBo2.oddBo4	48	92	127
evenBo5.oddBo60	45	36	136
evenBo37.oddBo5	13	91	313
evenBo3.oddBo48	47	48	113
evenBo47.oddBo8	3	88	162
evenBo17.oddBo1	33	95	430
evenBo11.oddBo68	39	28	184
evenBo17.oddBo12	33	84	381
evenBo47.oddBo42	3	54	176
evenBo44.oddBo48	6	48	218
evenBo13.oddBo69	37	27	387
evenBo38.oddBo18	12	78	421
evenBo9.oddBo10	41	86	138
evenBo4.oddBo69	46	27	238
evenBo9.oddBo20	41	76	274
evenBo18.oddBo64	32	32	553
evenBo40.oddBo4	10	92	227
evenBo50.oddBo26	0	70	323
evenBo1.oddBo18	49	78	192
evenBo8.oddBo27	42	69	358
evenBo25.oddBo22	25	74	469
evenBo8.oddBo70	42	26	244
evenBo49.oddBo13	1	83	192
evenBo1.oddBo58	49	38	285
evenBo41.oddBo1	9	95	347
evenBo39.oddBo9	11	87	276
evenBo1.oddBo53	49	43	196
evenBo43.oddBo9	7	87	210
evenBo8.oddBo6	42	90	73
evenBo9.oddBo23	41	73	242
evenBo12.oddBo9	38	87	355
evenBo50.oddBo1	0	95	162
evenBo11.oddBo8	39	88	109
evenBo23.oddBo13	27	83	272
evenBo39.oddBo8	11	88	181
evenBo3.oddBo12	47	84	77
evenBo46.oddBo45	4	51	202
evenBo43.oddBo4	7	92	83
evenBo7.oddBo1	43	95	193
evenBo37.oddBo9	13	87	259
evenBo7.oddBo30	43	66	331
evenBo4.oddBo37	46	59	393
evenBo34.oddBo5	16	91	307
evenBo3.oddBo22	47	74	157
evenBo41.oddBo10	9	86	557
evenBo2.oddBo42	48	54	76
evenBo8.oddBo32	42	64	350
evenBo10.oddBo5	40	91	92
evenBo4.oddBo66	46	30	72
evenBo50.oddBo40	0	56	164
evenBo30.oddBo9	20	87	222
evenBo1.oddBo7	49	89	74
evenBo3.oddBo57	47	39	239
evenBo18.oddBo7	32	89	139
evenBo50.oddBo36	0	60	114
evenBo40.oddBo18	10	78	408
evenBo26.oddBo8	24	88	344
evenBo50.oddBo43	0	53	110
evenBo11.oddBo1	39	95	319
evenBo23.oddBo11	27	85	247
evenBo49.oddBo51	1	45	268
evenBo8.oddBo57	42	39	541
evenBo36.oddBo1	14	95	371
evenBo2.oddBo49	48	47	83
evenBo1.oddBo31	49	65	119
evenBo9.oddBo7	41	89	266
evenBo30.oddBo27	20	69	413
evenBo28.oddBo11	22	85	183
evenBo1.oddBo39	49	57	203
evenBo9.oddBo70	41	26	167
evenBo14.oddBo11	36	85	241
evenBo32.oddBo13	18	83	324
evenBo2.oddBo40	48	56	113
evenBo5.oddBo56	45	40	165
evenBo6.oddBo12	44	84	141
evenBo27.oddBo18	23	78	319
evenBo35.oddBo2	15	94	337
evenBo11.oddBo24	39	72	231
evenBo5.oddBo42	45	54	138
evenBo8.oddBo24	42	72	275
evenBo8.oddBo3	42	93	173
evenBo20.oddBo4	30	92	218
evenBo5.oddBo67	45	29	82
evenBo3.oddBo43	47	53	249
evenBo35.oddBo12	15	84	365
evenBo5.oddBo18	45	78	71
evenBo18.oddBo6	32	90	149
evenBo47.oddBo62	3	34	406
evenBo10.oddBo14	40	82	187
evenBo47.oddBo4	3	92	90
evenBo23.oddBo9	27	87	354
evenBo47.oddBo6	3	90	119
evenBo9.oddBo26	41	70	445
evenBo49.oddBo39	1	57	211
evenBo1.oddBo60	49	36	147
evenBo31.oddBo17	19	79	185
evenBo4.oddBo13	46	83	144
evenBo2.oddBo28	48	68	137
evenBo11.oddBo7	39	89	122
evenBo4.oddBo9	46	87	112
evenBo1.oddBo69	49	27	128
evenBo25.oddBo11	25	85	208
evenBo35.oddBo1	15	95	458
evenBo8.oddBo14	42	82	284
evenBo10.oddBo20	40	76	198
evenBo21.oddBo5	29	91	298
evenBo49.oddBo35	1	61	191
evenBo6.oddBo68	44	28	158
evenBo2.oddBo14	48	82	135
evenBo10.oddBo10	40	86	211
evenBo6.oddBo52	44	44	300
evenBo31.oddBo26	19	70	448
evenBo21.oddBo17	29	79	311
evenBo27.oddBo27	23	69	249
evenBo35.oddBo7	15	89	299
evenBo33.oddBo14	17	82	396
evenBo44.oddBo47	6	49	312
evenBo4.oddBo68	46	28	124
evenBo50.oddBo46	0	50	159
evenBo2.oddBo22	48	74	134
evenBo7.oddBo12	43	84	163
evenBo20.oddBo2	30	94	176
evenBo25.oddBo24	25	72	383
evenBo48.oddBo8	2	88	176
evenBo2.oddBo15	48	81	99
evenBo1.oddBo35	49	61	99
evenBo3.oddBo36	47	60	165
evenBo47.oddBo14	3	82	365
evenBo25.oddBo25	25	71	491
evenBo15.oddBo26	35	70	421
evenBo45.oddBo29	5	67	339
evenBo2.oddBo5	48	91	139
evenBo10.oddBo34	40	62	278
evenBo28.oddBo33	22	63	438
evenBo1.oddBo6	49	90	80
evenBo49.oddBo9	1	87	167
evenBo24.oddBo13	26	83	239
evenBo43.oddBo45	7	51	390
evenBo22.oddBo20	28	76	343
evenBo44.oddBo35	6	61	418
evenBo5.oddBo27	45	69	73
evenBo3.oddBo45	47	51	132
evenBo1.oddBo11	49	85	140
evenBo15.oddBo31	35	65	321
evenBo7.oddBo18	43	78	109
evenBo4.oddBo21	46	75	258
evenBo25.oddBo7	25	89	289
evenBo2.oddBo69	48	27	158
evenBo7.oddBo54	43	42	283
evenBo39.oddBo1	11	95	201
evenBo5.oddBo68	45	28	104
evenBo6.oddBo17	44	79	153
evenBo49.oddBo17	1	79	187
evenBo1.oddBo17	49	79	103
evenBo12.oddBo11	38	85	111
evenBo49.oddBo55	1	41	342
evenBo22.oddBo3	28	93	225
evenBo26.oddBo36	24	60	613
evenBo9.oddBo13	41	83	139
evenBo48.oddBo43	2	53	157
evenBo8.oddBo11	42	85	202
evenBo45.oddBo4	5	92	155
evenBo7.oddBo56	43	40	333
evenBo1.oddBo16	49	80	95
evenBo28.oddBo21	22	75	557
evenBo44.oddBo4	6	92	137
evenBo13.oddBo8	37	88	179
evenBo4.oddBo4	46	92	87
evenBo47.oddBo5	3	91	310
evenBo15.oddBo4	35	92	162
evenBo49.oddBo15	1	81	291
evenBo2.oddBo51	48	45	185
evenBo26.oddBo3	24	93	139
evenBo2.oddBo59	48	37	98
evenBo14.oddBo20	36	76	311
evenBo2.oddBo52	48	44	182
evenBo48.oddBo3	2	93	267
evenBo21.oddBo4	29	92	194
evenBo13.oddBo9	37	87	132
evenBo1.oddBo38	49	58	160
evenBo22.oddBo12	28	84	205
evenBo39.oddBo3	11	93	170
evenBo13.oddBo20	37	76	277
evenBo15.oddBo13	35	83	195
evenBo37.oddBo18	13	78	374
evenBo16.oddBo9	34	87	142
evenBo24.oddBo10	26	86	421
evenBo1.oddBo34	49	62	108
evenBo36.oddBo27	14	69	536
evenBo5.oddBo64	45	32	187
evenBo1.oddBo70	49	26	153
evenBo6.oddBo10	44	86	84
evenBo3.oddBo50	47	46	80
evenBo4.oddBo28	46	68	218
evenBo45.oddBo7	5	89	196
evenBo11.oddBo15	39	81	169
evenBo2.oddBo2	48	94	80
evenBo37.oddBo7	13	89	239
evenBo3.oddBo21	47	75	106
evenBo24.oddBo2	26	94	347
evenBo19.oddBo4	31	92	126
evenBo10.oddBo15	40	81	109
evenBo50.oddBo39	0	57	160
evenBo48.oddBo46	2	50	186
evenBo4.oddBo24	46	72	149
evenBo47.oddBo12	3	84	276
evenBo7.oddBo8	43	88	115
evenBo28.oddBo26	22	70	476
evenBo31.oddBo12	19	84	265
evenBo30.oddBo22	20	74	426
evenBo10.oddBo18	40	78	146
evenBo2.oddBo46	48	50	177
evenBo7.oddBo27	43	69	224
evenBo14.oddBo7	36	89	256
evenBo2.oddBo41	48	55	96
evenBo9.oddBo17	41	79	179
evenBo30.oddBo4	20	92	143
evenBo1.oddBo5	49	91	111
evenBo14.oddBo12	36	84	192
evenBo50.oddBo48	0	48	180
evenBo36.oddBo7	14	89	175
evenBo24.oddBo9	26	87	192
evenBo29.oddBo10	21	86	272
evenBo9.oddBo16	41	80	110
evenBo4.oddBo12	46	84	112
evenBo23.oddBo8	27	88	331
evenBo50.oddBo32	0	64	220
evenBo49.oddBo49	1	47	225
evenBo50.oddBo3	0	93	143
evenBo4.oddBo6	46	90	86
evenBo6.oddBo21	44	75	221
evenBo32.oddBo18	18	78	209
evenBo10.oddBo19	40	77	160
evenBo36.oddBo6	14	90	215
evenBo6.oddBo60	44	36	201
evenBo12.oddBo13	38	83	166
evenBo12.oddBo2	38	94	204
evenBo26.oddBo4	24	92	110
evenBo1.oddBo28	49	68	126
evenBo17.oddBo4	33	92	162
evenBo32.oddBo48	18	48	358
evenBo44.oddBo51	6	45	320
evenBo3.oddBo65	47	31	102
evenBo46.oddBo11	4	85	337
evenBo7.oddBo32	43	64	328
evenBo2.oddBo8	48	88	150
evenBo47.oddBo38	3	58	348
evenBo6.oddBo62	44	34	183
evenBo16.oddBo12	34	84	206
evenBo4.oddBo3	46	93	214
evenBo48.oddBo41	2	55	212
evenBo7.oddBo61	43	35	300
evenBo15.oddBo8	35	88	91
evenBo4.oddBo42	46	54	200
evenBo39.oddBo48	11	48	303
evenBo5.oddBo19	45	77	67
evenBo15.oddBo46	35	50	309
evenBo4.oddBo18	46	78	174
evenBo10.oddBo9	40	87	116
evenBo22.oddBo5	28	91	143
evenBo28.oddBo18	22	78	211
evenBo7.oddBo7	43	89	139
evenBo46.oddBo2	4	94	157
evenBo28.oddBo16	22	80	221
evenBo2.oddBo29	48	67	137
evenBo6.oddBo61	44	35	254
evenBo46.oddBo46	4	50	279
evenBo34.oddBo6	16	90	107
evenBo33.oddBo6	17	90	190
evenBo20.oddBo10	30	86	307
evenBo2.oddBo24	48	72	117
evenBo2.oddBo58	48	38	233
evenBo13.oddBo32	37	64	415
evenBo4.oddBo33	46	63	142
evenBo6.oddBo3	44	93	230
evenBo46.oddBo48	4	48	167
evenBo12.oddBo47	38	49	428
evenBo42.oddBo6	8	90	263
evenBo46.oddBo5	4	91	142
evenBo49.oddBo7	1	89	100
evenBo49.oddBo34	1	62	183
evenBo26.oddBo12	24	84	218
evenBo3.oddBo23	47	73	92
evenBo1.oddBo40	49	56	110
evenBo5.oddBo35	45	61	214
evenBo10.oddBo32	40	64	280
evenBo5.oddBo26	45	70	108
evenBo2.oddBo18	48	78	64
evenBo23.oddBo14	27	82	233
evenBo45.oddBo6	5	90	279
evenBo32.oddBo12	18	84	223
evenBo28.oddBo27	22	69	289
evenBo2.oddBo63	48	33	208
evenBo9.oddBo67	41	29	283
evenBo7.oddBo13	43	83	132
evenBo3.oddBo44	47	52	113
evenBo1.oddBo30	49	66	136
evenBo12.oddBo5	38	91	115
evenBo5.oddBo12	45	84	64
evenBo2.oddBo50	48	46	84
evenBo47.oddBo43	3	53	166
evenBo7.oddBo10	43	86	106
evenBo1.oddBo42	49	54	143
evenBo3.oddBo2	47	94	71
evenBo4.oddBo29	46	67	150
evenBo45.oddBo46	5	50	232
evenBo1.oddBo12	49	84	101
evenBo2.oddBo33	48	63	98
evenBo2.oddBo45	48	51	107
evenBo14.oddBo8	36	88	249
evenBo14.oddBo5	36	91	261
evenBo17.oddBo11	33	85	201
evenBo5.oddBo69	45	27	133
evenBo50.oddBo14	0	82	158
evenBo18.oddBo70	32	26	343
evenBo5.oddBo70	45	26	106
evenBo4.oddBo22	46	74	220
evenBo8.oddBo66	42	30	260
evenBo24.oddBo4	26	92	165
evenBo44.oddBo8	6	88	171
evenBo23.oddBo2	27	94	183
evenBo38.oddBo4	12	92	241
evenBo29.oddBo15	21	81	256
evenBo7.oddBo20	43	76	139
evenBo5.oddBo2	45	94	209
evenBo11.oddBo6	39	90	97
evenBo3.oddBo8	47	88	90
evenBo10.oddBo33	40	63	308
evenBo50.oddBo6	0	90	120
evenBo50.oddBo2	0	94	159
evenBo4.oddBo55	46	41	257
evenBo37.oddBo8	13	88	212
evenBo22.oddBo30	28	66	354
evenBo10.oddBo6	40	90	109
evenBo5.oddBo59	45	37	177
evenBo6.oddBo18	44	78	177
evenBo1.oddBo65	49	31	174
evenBo10.oddBo28	40	68	379
evenBo23.oddBo18	27	78	259
evenBo12.oddBo4	38	92	145
evenBo8.oddBo18	42	78	316
evenBo5.oddBo23	45	73	131
evenBo35.oddBo3	15	93	180
evenBo4.oddBo57	46	39	148
evenBo1.oddBo51	49	45	130
evenBo7.oddBo15	43	81	120
evenBo30.oddBo2	20	94	135
evenBo16.oddBo10	34	86	182
evenBo11.oddBo4	39	92	64
evenBo32.oddBo10	18	86	215
evenBo13.oddBo4	37	92	128
evenBo30.oddBo1	20	95	177
evenBo2.oddBo47	48	49	112
evenBo9.oddBo15	41	81	175
evenBo48.oddBo10	2	86	242
evenBo5.oddBo6	45	90	91
evenBo3.oddBo20	47	76	114
evenBo3.oddBo33	47	63	119
evenBo41.oddBo6	9	90	211
evenBo31.oddBo13	19	83	273
evenBo1.oddBo44	49	52	69
evenBo4.oddBo25	46	71	135
evenBo5.oddBo25	45	71	132
evenBo49.oddBo2	1	94	167
evenBo50.oddBo49	0	47	152
evenBo2.oddBo36	48	60	97
evenBo1.oddBo29	49	67	112
evenBo46.oddBo7	4	89	90
evenBo1.oddBo4	49	92	106
evenBo47.oddBo1	3	95	168
evenBo1.oddBo1	49	95	85
evenBo2.oddBo17	48	79	117
evenBo6.oddBo7	44	89	68
evenBo1.oddBo21	49	75	199
evenBo10.oddBo8	40	88	103
evenBo31.oddBo5	19	91	174
evenBo48.oddBo1	2	95	172
evenBo9.oddBo14	41	82	141
evenBo1.oddBo54	49	42	213
evenBo31.oddBo2	19	94	195
evenBo15.oddBo17	35	79	229
evenBo9.oddBo41	41	55	306
evenBo44.oddBo7	6	89	158
evenBo25.oddBo2	25	94	250
evenBo6.oddBo4	44	92	77
evenBo12.oddBo1	38	95	307
evenBo47.oddBo44	3	52	165
evenBo1.oddBo57	49	39	163
evenBo15.oddBo19	35	77	233
evenBo7.oddBo11	43	85	144
evenBo5.oddBo4	45	92	87
evenBo7.oddBo23	43	73	126
evenBo46.oddBo4	4	92	204
evenBo1.oddBo48	49	48	142
evenBo8.oddBo7	42	89	116
evenBo2.oddBo44	48	52	155
evenBo22.oddBo4	28	92	130
evenBo10.oddBo2	40	94	214
evenBo3.oddBo69	47	27	105
evenBo7.oddBo3	43	93	120
evenBo5.oddBo66	45	30	94
evenBo7.oddBo5	43	91	90
evenBo6.oddBo15	44	81	136
evenBo2.oddBo34	48	62	66
evenBo3.oddBo4	47	92	51
evenBo18.oddBo3	32	93	181
evenBo6.oddBo14	44	82	154
evenBo3.oddBo47	47	49	153
evenBo7.oddBo2	43	94	162
evenBo4.oddBo23	46	73	127
evenBo2.oddBo12	48	84	87
evenBo5.oddBo14	45	82	77
evenBo2.oddBo62	48	34	103
evenBo3.oddBo27	47	69	79
evenBo5.oddBo9	45	87	61
evenBo10.oddBo17	40	79	84
evenBo3.oddBo68	47	28	154
evenBo11.oddBo13	39	83	125
evenBo4.oddBo26	46	70	125
evenBo2.oddBo9	48	87	79
evenBo5.oddBo8	45	88	56
evenBo2.oddBo61	48	35	111
evenBo2.oddBo68	48	28	53
evenBo22.oddBo6	28	90	88
evenBo2.oddBo39	48	57	88
evenBo17.oddBo6	33	90	148
evenBo50.oddBo47	0	49	208
evenBo39.oddBo6	11	90	57
evenBo2.oddBo13	48	83	73
