spot_id	x	y	legnum
evenBo15.oddBo59	35	37	79408
evenBo34.oddBo68	16	28	103071
evenBo16.oddBo43	34	53	30972
evenBo35.oddBo59	15	37	38261
evenBo14.oddBo41	36	55	21576
evenBo13.oddBo56	37	40	24679
evenBo18.oddBo26	32	70	90328
evenBo19.oddBo36	31	60	17764
evenBo50.oddBo55	0	41	7465
evenBo41.oddBo62	9	34	28689
evenBo24.oddBo48	26	48	22365
evenBo18.oddBo55	32	41	43462
evenBo34.oddBo65	16	31	69584
evenBo33.oddBo59	17	37	37594
evenBo43.oddBo27	7	69	5263
evenBo35.oddBo29	15	67	25094
evenBo14.oddBo38	36	58	99749
evenBo36.oddBo62	14	34	79718
evenBo14.oddBo62	36	34	121471
evenBo19.oddBo41	31	55	30200
evenBo17.oddBo33	33	63	6652
evenBo30.oddBo66	20	30	35184
evenBo37.oddBo43	13	53	61377
evenBo20.oddBo21	30	75	54567
evenBo27.oddBo8	23	88	1630
evenBo29.oddBo35	21	61	6833
evenBo25.oddBo61	25	35	17770
evenBo24.oddBo61	26	35	18613
evenBo30.oddBo50	20	46	22784
evenBo19.oddBo59	31	37	97702
evenBo33.oddBo42	17	54	4495
evenBo41.oddBo47	9	49	47518
evenBo49.oddBo24	1	72	6219
evenBo6.oddBo44	44	52	13108
evenBo47.oddBo51	3	45	43263
evenBo43.oddBo56	7	40	62729
evenBo36.oddBo45	14	51	26383
evenBo26.oddBo51	24	45	173760
evenBo36.oddBo56	14	40	74454
evenBo14.oddBo46	36	50	7128
evenBo24.oddBo58	26	38	94803
evenBo23.oddBo57	27	39	127219
evenBo27.oddBo59	23	37	48474
evenBo35.oddBo60	15	36	53750
evenBo35.oddBo48	15	48	33726
evenBo36.oddBo69	14	27	49518
evenBo42.oddBo20	8	76	27643
evenBo38.oddBo11	12	85	19541
evenBo24.oddBo38	26	58	48845
evenBo32.oddBo62	18	34	56783
evenBo45.oddBo12	5	84	1200
evenBo31.oddBo59	19	37	23120
evenBo14.oddBo33	36	63	16892
evenBo35.oddBo57	15	39	131407
evenBo39.oddBo60	11	36	38718
evenBo21.oddBo54	29	42	96747
evenBo10.oddBo38	40	58	33883
evenBo18.oddBo51	32	45	64373
evenBo15.oddBo53	35	43	50083
evenBo17.oddBo57	33	39	89194
evenBo12.oddBo39	38	57	19229
evenBo40.oddBo67	10	29	49566
evenBo43.oddBo67	7	29	35696
evenBo15.oddBo21	35	75	38524
evenBo16.oddBo21	34	75	262646
evenBo35.oddBo70	15	26	56689
evenBo33.oddBo41	17	55	6962
evenBo16.oddBo41	34	55	27066
evenBo33.oddBo63	17	33	165190
evenBo29.oddBo52	21	44	47988
evenBo44.oddBo32	6	64	11542
evenBo24.oddBo55	26	41	30049
evenBo38.oddBo64	12	32	111661
evenBo25.oddBo32	25	64	2282
evenBo13.oddBo53	37	43	44817
evenBo50.oddBo22	0	74	2623
evenBo9.oddBo39	41	57	5000
evenBo20.oddBo47	30	49	32235
evenBo34.oddBo69	16	27	100169
evenBo22.oddBo1	28	95	998
evenBo37.oddBo62	13	34	90456
evenBo18.oddBo34	32	62	7114
evenBo25.oddBo62	25	34	47893
evenBo30.oddBo6	20	90	72867
evenBo20.oddBo53	30	43	104968
evenBo10.oddBo24	40	72	5973
evenBo35.oddBo63	15	33	109864
evenBo41.oddBo21	9	75	46738
evenBo33.oddBo46	17	50	15817
evenBo45.oddBo58	5	38	17268
evenBo18.oddBo52	32	44	29637
evenBo27.oddBo57	23	39	57634
evenBo35.oddBo43	15	53	27271
evenBo40.oddBo47	10	49	36096
evenBo29.oddBo31	21	65	7595
evenBo19.oddBo65	31	31	24368
evenBo24.oddBo52	26	44	45556
evenBo45.oddBo19	5	77	134927
evenBo11.oddBo47	39	49	18421
evenBo9.oddBo49	41	47	7708
evenBo42.oddBo21	8	75	72668
evenBo15.oddBo58	35	38	104864
evenBo9.oddBo33	41	63	5031
evenBo36.oddBo57	14	39	28043
evenBo23.oddBo41	27	55	20372
evenBo29.oddBo56	21	40	29740
evenBo14.oddBo56	36	40	73197
evenBo10.oddBo37	40	59	24423
evenBo22.oddBo58	28	38	47555
evenBo28.oddBo63	22	33	76388
evenBo30.oddBo18	20	78	3933
evenBo43.oddBo16	7	80	106157
evenBo24.oddBo67	26	29	40447
evenBo47.oddBo23	3	73	32328
evenBo29.oddBo54	21	42	95357
evenBo32.oddBo45	18	51	11826
evenBo38.oddBo47	12	49	30528
evenBo44.oddBo53	6	43	26584
evenBo41.oddBo38	9	58	12999
evenBo29.oddBo23	21	73	5562
evenBo46.oddBo57	4	39	18100
evenBo38.oddBo13	12	83	42173
evenBo17.oddBo41	33	55	20381
evenBo14.oddBo54	36	42	48743
evenBo33.oddBo58	17	38	135025
evenBo35.oddBo44	15	52	23870
evenBo20.oddBo57	30	39	63385
evenBo3.oddBo56	47	40	760
evenBo41.oddBo46	9	50	56459
evenBo45.oddBo22	5	74	29069
evenBo40.oddBo14	10	82	43113
evenBo33.oddBo30	17	66	15250
evenBo28.oddBo62	22	34	62569
evenBo26.oddBo53	24	43	56639
evenBo36.oddBo58	14	38	106623
evenBo20.oddBo40	30	56	13319
evenBo44.oddBo28	6	68	20535
evenBo34.oddBo53	16	43	44027
evenBo23.oddBo63	27	33	35026
evenBo19.oddBo67	31	29	25102
evenBo18.oddBo58	32	38	56902
evenBo40.oddBo37	10	59	18303
evenBo14.oddBo39	36	57	22018
evenBo40.oddBo61	10	35	53118
evenBo49.oddBo58	1	38	23240
evenBo19.oddBo50	31	46	40629
evenBo29.oddBo65	21	31	31162
evenBo17.oddBo56	33	40	124905
evenBo47.oddBo59	3	37	34564
evenBo44.oddBo14	6	82	7341
evenBo34.oddBo50	16	46	29574
evenBo8.oddBo53	42	43	33074
evenBo10.oddBo52	40	44	31515
evenBo33.oddBo65	17	31	26602
evenBo37.oddBo13	13	83	31666
evenBo37.oddBo50	13	46	14380
evenBo16.oddBo62	34	34	40215
evenBo36.oddBo51	14	45	53892
evenBo26.oddBo56	24	40	103272
evenBo22.oddBo53	28	43	73387
evenBo40.oddBo58	10	38	62584
evenBo38.oddBo63	12	33	114586
evenBo20.oddBo27	30	69	11872
evenBo8.oddBo37	42	59	12660
evenBo36.oddBo66	14	30	16509
evenBo6.oddBo43	44	53	107500
evenBo35.oddBo30	15	66	15473
evenBo33.oddBo57	17	39	60031
evenBo24.oddBo35	26	61	22102
evenBo14.oddBo61	36	35	151666
evenBo11.oddBo38	39	58	16387
evenBo18.oddBo60	32	36	28139
evenBo18.oddBo20	32	76	30239
evenBo14.oddBo29	36	67	62116
evenBo34.oddBo57	16	39	147237
evenBo33.oddBo56	17	40	6708
evenBo35.oddBo52	15	44	32111
evenBo33.oddBo61	17	35	56124
evenBo26.oddBo39	24	57	10256
evenBo45.oddBo54	5	42	9065
evenBo31.oddBo48	19	48	21655
evenBo34.oddBo15	16	81	7441
evenBo44.oddBo23	6	73	19734
evenBo20.oddBo51	30	45	18185
evenBo34.oddBo29	16	67	17232
evenBo40.oddBo63	10	33	65201
evenBo13.oddBo61	37	35	18356
evenBo42.oddBo41	8	55	14525
evenBo39.oddBo69	11	27	52814
evenBo24.oddBo64	26	32	28740
evenBo44.oddBo59	6	37	49977
evenBo21.oddBo67	29	29	33660
evenBo21.oddBo58	29	38	21333
evenBo20.oddBo5	30	91	704
evenBo34.oddBo52	16	44	38364
evenBo35.oddBo51	15	45	160752
evenBo30.oddBo67	20	29	52343
evenBo33.oddBo51	17	45	61505
evenBo40.oddBo60	10	36	60509
evenBo45.oddBo2	5	94	1192
evenBo28.oddBo51	22	45	111480
evenBo45.oddBo69	5	27	30290
evenBo42.oddBo27	8	69	6767
evenBo10.oddBo59	40	37	8599
evenBo35.oddBo66	15	30	53601
evenBo13.oddBo48	37	48	24377
evenBo14.oddBo53	36	43	131823
evenBo19.oddBo26	31	70	76303
evenBo30.oddBo25	20	71	5766
evenBo25.oddBo55	25	41	48876
evenBo7.oddBo35	43	61	16083
evenBo9.oddBo38	41	58	33369
evenBo43.oddBo44	7	52	11560
evenBo49.oddBo63	1	33	38797
evenBo28.oddBo67	22	29	26806
evenBo9.oddBo51	41	45	51423
evenBo36.oddBo67	14	29	45044
evenBo17.oddBo20	33	76	96584
evenBo24.oddBo53	26	43	77642
evenBo35.oddBo58	15	38	79624
evenBo7.oddBo22	43	74	4020
evenBo41.oddBo51	9	45	49187
evenBo41.oddBo67	9	29	54116
evenBo37.oddBo59	13	37	76196
evenBo30.oddBo58	20	38	37991
evenBo21.oddBo62	29	34	6036
evenBo50.oddBo63	0	33	11385
evenBo25.oddBo57	25	39	49937
evenBo38.oddBo39	12	57	11934
evenBo50.oddBo62	0	34	20643
evenBo31.oddBo44	19	52	34193
evenBo42.oddBo16	8	80	112233
evenBo21.oddBo69	29	27	18145
evenBo12.oddBo56	38	40	54795
evenBo47.oddBo18	3	78	11148
evenBo12.oddBo57	38	39	64896
evenBo50.oddBo70	0	26	17564
evenBo15.oddBo62	35	34	69454
evenBo34.oddBo51	16	45	99845
evenBo37.oddBo66	13	30	61132
evenBo39.oddBo33	11	63	3082
evenBo36.oddBo22	14	74	24097
evenBo46.oddBo21	4	75	35888
evenBo38.oddBo67	12	29	134641
evenBo29.oddBo28	21	68	23292
evenBo35.oddBo62	15	34	76614
evenBo23.oddBo66	27	30	60535
evenBo43.oddBo65	7	31	29547
evenBo49.oddBo67	1	29	11444
evenBo17.oddBo13	33	83	54978
evenBo33.oddBo68	17	28	89564
evenBo8.oddBo36	42	60	6844
evenBo10.oddBo49	40	47	5340
evenBo45.oddBo21	5	75	83553
evenBo27.oddBo56	23	40	67710
evenBo32.oddBo69	18	27	99328
evenBo20.oddBo64	30	32	5444
evenBo40.oddBo66	10	30	80784
evenBo29.oddBo63	21	33	40254
evenBo43.oddBo57	7	39	43756
evenBo46.oddBo66	4	30	2581
evenBo26.oddBo63	24	33	77824
evenBo34.oddBo66	16	30	61924
evenBo14.oddBo49	36	47	20778
evenBo38.oddBo58	12	38	127037
evenBo16.oddBo56	34	40	117486
evenBo50.oddBo60	0	36	20533
evenBo37.oddBo67	13	29	83814
evenBo13.oddBo63	37	33	23441
evenBo38.oddBo66	12	30	101038
evenBo33.oddBo45	17	51	19143
evenBo48.oddBo54	2	42	10289
evenBo35.oddBo9	15	87	34987
evenBo29.oddBo57	21	39	71879
evenBo42.oddBo54	8	42	74729
evenBo34.oddBo59	16	37	70989
evenBo26.oddBo67	24	29	79548
evenBo38.oddBo60	12	36	60413
evenBo14.oddBo58	36	38	169909
evenBo38.oddBo51	12	45	26800
evenBo23.oddBo58	27	38	170962
evenBo16.oddBo61	34	35	24426
evenBo38.oddBo53	12	43	37401
evenBo17.oddBo59	33	37	60629
evenBo38.oddBo14	12	82	76960
evenBo18.oddBo16	32	80	5658
evenBo37.oddBo61	13	35	111343
evenBo49.oddBo57	1	39	79213
evenBo22.oddBo43	28	53	34278
evenBo15.oddBo51	35	45	27979
evenBo35.oddBo65	15	31	34796
evenBo35.oddBo38	15	58	24757
evenBo18.oddBo53	32	43	109971
evenBo19.oddBo55	31	41	78892
evenBo39.oddBo22	11	74	7322
evenBo15.oddBo15	35	81	32569
evenBo11.oddBo57	39	39	28335
evenBo38.oddBo20	12	76	3206
evenBo26.oddBo47	24	49	46264
evenBo31.oddBo62	19	34	80343
evenBo8.oddBo69	42	27	1265
evenBo43.oddBo41	7	55	3459
evenBo48.oddBo22	2	74	20922
evenBo14.oddBo60	36	36	65569
evenBo21.oddBo55	29	41	53046
evenBo37.oddBo56	13	40	128138
evenBo21.oddBo53	29	43	63997
evenBo25.oddBo49	25	47	15224
evenBo25.oddBo50	25	46	10476
evenBo19.oddBo40	31	56	8521
evenBo7.oddBo40	43	56	16198
evenBo9.oddBo54	41	42	25500
evenBo41.oddBo58	9	38	82540
evenBo34.oddBo23	16	73	18152
evenBo39.oddBo59	11	37	57568
evenBo21.oddBo60	29	36	30276
evenBo38.oddBo29	12	67	7552
evenBo20.oddBo49	30	47	49544
evenBo33.oddBo69	17	27	64727
evenBo16.oddBo69	34	27	11804
evenBo17.oddBo43	33	53	48657
evenBo35.oddBo68	15	28	79685
evenBo14.oddBo48	36	48	38420
evenBo34.oddBo18	16	78	83455
evenBo44.oddBo37	6	59	6487
evenBo11.oddBo70	39	26	38058
evenBo34.oddBo16	16	80	66038
evenBo38.oddBo70	12	26	23477
evenBo36.oddBo16	14	80	32345
evenBo7.oddBo59	43	37	12999
evenBo20.oddBo67	30	29	42465
evenBo38.oddBo56	12	40	153665
evenBo47.oddBo55	3	41	10036
evenBo31.oddBo45	19	51	20211
evenBo22.oddBo65	28	31	65773
evenBo31.oddBo68	19	28	54692
evenBo23.oddBo69	27	27	25442
evenBo5.oddBo31	45	65	302
evenBo48.oddBo23	2	73	32626
evenBo18.oddBo57	32	39	63864
evenBo7.oddBo28	43	68	46017
evenBo26.oddBo58	24	38	61234
evenBo18.oddBo59	32	37	53024
evenBo28.oddBo70	22	26	37514
evenBo29.oddBo51	21	45	91768
evenBo24.oddBo62	26	34	43116
evenBo38.oddBo61	12	35	73766
evenBo14.oddBo66	36	30	7479
evenBo36.oddBo15	14	81	58736
evenBo25.oddBo60	25	36	28162
evenBo20.oddBo37	30	59	26958
evenBo21.oddBo51	29	45	36057
evenBo32.oddBo16	18	80	5467
evenBo37.oddBo35	13	61	27892
evenBo46.oddBo33	4	63	27733
evenBo31.oddBo46	19	50	20034
evenBo9.oddBo53	41	43	43728
evenBo14.oddBo36	36	60	31174
evenBo14.oddBo59	36	37	113740
evenBo25.oddBo58	25	38	55580
evenBo19.oddBo10	31	86	35213
evenBo20.oddBo23	30	73	23900
evenBo37.oddBo55	13	41	16555
evenBo39.oddBo70	11	26	28903
evenBo18.oddBo38	32	58	34054
evenBo15.oddBo60	35	36	47140
evenBo19.oddBo21	31	75	73829
evenBo30.oddBo65	20	31	78369
evenBo40.oddBo50	10	46	26358
evenBo19.oddBo22	31	74	64184
evenBo40.oddBo33	10	63	5775
evenBo29.oddBo53	21	43	102170
evenBo41.oddBo17	9	79	3799
evenBo45.oddBo20	5	76	237297
evenBo24.oddBo69	26	27	43715
evenBo35.oddBo67	15	29	43250
evenBo42.oddBo53	8	43	98462
evenBo42.oddBo59	8	37	36255
evenBo20.oddBo22	30	74	36992
evenBo49.oddBo21	1	75	7752
evenBo23.oddBo27	27	69	43068
evenBo42.oddBo67	8	29	48166
evenBo24.oddBo26	26	70	5265
evenBo40.oddBo70	10	26	14742
evenBo27.oddBo61	23	35	37026
evenBo15.oddBo56	35	40	77243
evenBo35.oddBo15	15	81	41388
evenBo6.oddBo28	44	68	1200
evenBo20.oddBo9	30	87	14057
evenBo42.oddBo25	8	71	13516
evenBo41.oddBo70	9	26	10363
evenBo34.oddBo17	16	79	92099
evenBo33.oddBo27	17	69	3382
evenBo26.oddBo38	24	58	9282
evenBo32.oddBo58	18	38	97329
evenBo35.oddBo34	15	62	31350
evenBo50.oddBo67	0	29	43722
evenBo24.oddBo43	26	53	30076
evenBo5.oddBo33	45	63	10297
evenBo24.oddBo59	26	37	42200
evenBo8.oddBo41	42	55	9851
evenBo46.oddBo43	4	53	42799
evenBo33.oddBo66	17	30	31091
evenBo35.oddBo54	15	42	43954
evenBo27.oddBo68	23	28	27919
evenBo37.oddBo70	13	26	24474
evenBo5.oddBo50	45	46	11987
evenBo37.oddBo69	13	27	76097
evenBo27.oddBo67	23	29	46315
evenBo12.oddBo55	38	41	34259
evenBo29.oddBo3	21	93	2199
evenBo45.oddBo34	5	62	24287
evenBo29.oddBo38	21	58	18570
evenBo44.oddBo20	6	76	191426
evenBo29.oddBo55	21	41	44873
evenBo25.oddBo56	25	40	90748
evenBo45.oddBo28	5	68	10985
evenBo42.oddBo44	8	52	24988
evenBo17.oddBo55	33	41	59060
evenBo48.oddBo60	2	36	12219
evenBo13.oddBo55	37	41	17959
evenBo6.oddBo38	44	58	6828
evenBo16.oddBo28	34	68	20102
evenBo42.oddBo62	8	34	28528
evenBo21.oddBo47	29	49	28325
evenBo22.oddBo22	28	74	5110
evenBo36.oddBo30	14	66	11497
evenBo31.oddBo20	19	76	5936
evenBo28.oddBo69	22	27	48137
evenBo16.oddBo55	34	41	69583
evenBo48.oddBo28	2	68	70114
evenBo24.oddBo63	26	33	52195
evenBo43.oddBo19	7	77	7660
evenBo42.oddBo23	8	73	15498
evenBo14.oddBo28	36	68	29139
evenBo10.oddBo44	40	52	6018
evenBo30.oddBo62	20	34	67733
evenBo8.oddBo52	42	44	22834
evenBo45.oddBo26	5	70	4549
evenBo40.oddBo64	10	32	51971
evenBo36.oddBo63	14	33	80125
evenBo29.oddBo37	21	59	15687
evenBo48.oddBo32	2	64	8603
evenBo8.oddBo54	42	42	10584
evenBo24.oddBo49	26	47	32918
evenBo31.oddBo63	19	33	172701
evenBo11.oddBo20	39	76	7155
evenBo18.oddBo56	32	40	78590
evenBo48.oddBo20	2	76	38784
evenBo14.oddBo37	36	59	53020
evenBo18.oddBo22	32	74	58644
evenBo32.oddBo67	18	29	138994
evenBo22.oddBo63	28	33	24961
evenBo20.oddBo44	30	52	13909
evenBo19.oddBo48	31	48	25992
evenBo25.oddBo51	25	45	56593
evenBo38.oddBo69	12	27	106814
evenBo43.oddBo26	7	70	8726
evenBo42.oddBo61	8	35	24365
evenBo35.oddBo37	15	59	61616
evenBo34.oddBo67	16	29	85989
evenBo9.oddBo37	41	59	30222
evenBo40.oddBo21	10	75	49013
evenBo5.oddBo52	45	44	8201
evenBo47.oddBo22	3	74	28903
evenBo18.oddBo21	32	75	67981
evenBo48.oddBo69	2	27	34297
evenBo36.oddBo21	14	75	15384
evenBo38.oddBo45	12	51	12741
evenBo45.oddBo18	5	78	40842
evenBo29.oddBo68	21	28	13093
evenBo35.oddBo16	15	80	123084
evenBo16.oddBo57	34	39	64671
evenBo2.oddBo27	48	69	893
evenBo28.oddBo50	22	46	19270
evenBo34.oddBo19	16	77	18426
evenBo41.oddBo63	9	33	136484
evenBo46.oddBo70	4	26	24770
evenBo24.oddBo68	26	28	39303
evenBo22.oddBo35	28	61	11276
evenBo13.oddBo64	37	32	3249
evenBo24.oddBo36	26	60	11984
evenBo26.oddBo69	24	27	35629
evenBo27.oddBo65	23	31	39006
evenBo30.oddBo57	20	39	42449
evenBo42.oddBo18	8	78	2048
evenBo7.oddBo41	43	55	8928
evenBo23.oddBo53	27	43	140662
evenBo28.oddBo57	22	39	55202
evenBo27.oddBo58	23	38	61353
evenBo28.oddBo41	22	55	6249
evenBo6.oddBo64	44	32	976
evenBo16.oddBo22	34	74	21472
evenBo35.oddBo61	15	35	57814
evenBo38.oddBo27	12	69	10014
evenBo7.oddBo46	43	50	34785
evenBo40.oddBo56	10	40	33061
evenBo19.oddBo35	31	61	8555
evenBo40.oddBo65	10	31	27163
evenBo32.oddBo63	18	33	82603
evenBo46.oddBo24	4	72	15352
evenBo17.oddBo51	33	45	34463
evenBo18.oddBo62	32	34	8773
evenBo4.oddBo46	46	50	20254
evenBo22.oddBo24	28	72	9746
evenBo18.oddBo30	32	66	16667
evenBo48.oddBo27	2	69	7902
evenBo7.oddBo53	43	43	6642
evenBo19.oddBo57	31	39	99005
evenBo15.oddBo68	35	28	3989
evenBo32.oddBo8	18	88	18880
evenBo19.oddBo60	31	36	44655
evenBo32.oddBo65	18	31	75848
evenBo32.oddBo68	18	28	50516
evenBo19.oddBo14	31	82	2441
evenBo30.oddBo37	20	59	21837
evenBo22.oddBo23	28	73	9881
evenBo21.oddBo66	29	30	16228
evenBo49.oddBo25	1	71	10952
evenBo22.oddBo54	28	42	79776
evenBo42.oddBo36	8	60	9751
evenBo14.oddBo63	36	33	33983
evenBo50.oddBo65	0	31	6897
evenBo30.oddBo70	20	26	14812
evenBo31.oddBo51	19	45	73161
evenBo15.oddBo57	35	39	121949
evenBo17.oddBo39	33	57	4560
evenBo41.oddBo31	9	65	22806
evenBo26.oddBo31	24	65	11583
evenBo29.oddBo58	21	38	44492
evenBo50.oddBo57	0	39	5859
evenBo47.oddBo33	3	63	19479
evenBo15.oddBo37	35	59	10702
evenBo27.oddBo36	23	60	15870
evenBo26.oddBo42	24	54	12222
evenBo39.oddBo54	11	42	12091
evenBo44.oddBo29	6	67	33492
evenBo19.oddBo53	31	43	121500
evenBo38.oddBo37	12	59	15862
evenBo15.oddBo55	35	41	19619
evenBo25.oddBo63	25	33	38556
evenBo19.oddBo49	31	47	22302
evenBo33.oddBo1	17	95	1070
evenBo41.oddBo36	9	60	14417
evenBo35.oddBo23	15	73	20144
evenBo35.oddBo25	15	71	11493
evenBo32.oddBo49	18	47	14967
evenBo28.oddBo53	22	43	109009
evenBo34.oddBo8	16	88	28680
evenBo45.oddBo33	5	63	12545
evenBo13.oddBo50	37	46	16747
evenBo33.oddBo21	17	75	26195
evenBo43.oddBo61	7	35	9614
evenBo31.oddBo32	19	64	5123
evenBo7.oddBo49	43	47	14928
evenBo41.oddBo37	9	59	23349
evenBo22.oddBo70	28	26	18072
evenBo35.oddBo45	15	51	25957
evenBo28.oddBo54	22	42	98583
evenBo21.oddBo70	29	26	5684
evenBo43.oddBo63	7	33	25117
evenBo15.oddBo65	35	31	11487
evenBo34.oddBo34	16	62	16251
evenBo26.oddBo65	24	31	68939
evenBo16.oddBo53	34	43	71906
evenBo35.oddBo42	15	54	14433
evenBo10.oddBo39	40	57	25198
evenBo19.oddBo37	31	59	17525
evenBo23.oddBo68	27	28	32022
evenBo21.oddBo31	29	65	12183
evenBo29.oddBo29	21	67	31163
evenBo14.oddBo34	36	62	16214
evenBo9.oddBo24	41	72	11093
evenBo50.oddBo24	0	72	22210
evenBo19.oddBo54	31	42	70313
evenBo25.oddBo30	25	66	9709
evenBo16.oddBo51	34	45	15898
evenBo23.oddBo51	27	45	51441
evenBo43.oddBo55	7	41	32044
evenBo12.oddBo43	38	53	12605
evenBo23.oddBo55	27	41	26968
evenBo14.oddBo17	36	79	1984
evenBo30.oddBo43	20	53	31327
evenBo17.oddBo40	33	56	8517
evenBo31.oddBo53	19	43	37022
evenBo42.oddBo47	8	49	26697
evenBo14.oddBo40	36	56	21122
evenBo18.oddBo54	32	42	68153
evenBo20.oddBo28	30	68	10081
evenBo47.oddBo69	3	27	67610
evenBo10.oddBo62	40	34	6710
evenBo43.oddBo21	7	75	51411
evenBo41.oddBo55	9	41	10303
evenBo25.oddBo66	25	30	42020
evenBo29.oddBo7	21	89	4281
evenBo23.oddBo26	27	70	14189
evenBo40.oddBo59	10	37	33887
evenBo36.oddBo54	14	42	35857
evenBo42.oddBo15	8	81	42955
evenBo21.oddBo24	29	72	27606
evenBo16.oddBo29	34	67	5908
evenBo2.oddBo3	48	93	1699
evenBo11.oddBo42	39	54	5695
evenBo38.oddBo43	12	53	32997
evenBo35.oddBo69	15	27	119885
evenBo38.oddBo65	12	31	63813
evenBo20.oddBo26	30	70	44936
evenBo38.oddBo28	12	68	2767
evenBo38.oddBo16	12	80	5156
evenBo17.oddBo54	33	42	85275
evenBo31.oddBo58	19	38	37526
evenBo24.oddBo65	26	31	28811
evenBo33.oddBo22	17	74	27088
evenBo37.oddBo49	13	47	13992
evenBo37.oddBo26	13	70	6932
evenBo19.oddBo58	31	38	77129
evenBo38.oddBo36	12	60	6278
evenBo13.oddBo47	37	49	14183
evenBo40.oddBo52	10	44	43395
evenBo34.oddBo54	16	42	43727
evenBo19.oddBo38	31	58	37102
evenBo25.oddBo43	25	53	16493
evenBo42.oddBo60	8	36	43049
evenBo50.oddBo58	0	38	6714
evenBo47.oddBo20	3	76	36627
evenBo22.oddBo61	28	35	31665
evenBo21.oddBo49	29	47	26372
evenBo15.oddBo63	35	33	50171
evenBo33.oddBo34	17	62	3480
evenBo27.oddBo53	23	43	87972
evenBo25.oddBo48	25	48	16482
evenBo25.oddBo59	25	37	60344
evenBo18.oddBo66	32	30	28832
evenBo47.oddBo19	3	77	37706
evenBo18.oddBo49	32	47	30421
evenBo1.oddBo68	49	28	633
evenBo8.oddBo51	42	45	73555
evenBo13.oddBo30	37	66	80100
evenBo31.oddBo65	19	31	26605
evenBo12.oddBo58	38	38	79490
evenBo27.oddBo33	23	63	5182
evenBo34.oddBo25	16	71	18677
evenBo47.oddBo31	3	65	4951
evenBo41.oddBo65	9	31	84725
evenBo16.oddBo39	34	57	17803
evenBo34.oddBo63	16	33	68366
evenBo34.oddBo48	16	48	31292
evenBo17.oddBo58	33	38	56900
evenBo11.oddBo46	39	50	8367
evenBo43.oddBo47	7	49	13582
evenBo32.oddBo60	18	36	32933
evenBo28.oddBo64	22	32	23103
evenBo32.oddBo35	18	61	5408
evenBo17.oddBo61	33	35	16998
evenBo17.oddBo21	33	75	242950
evenBo44.oddBo18	6	78	82255
evenBo40.oddBo40	10	56	9278
evenBo28.oddBo59	22	37	69845
evenBo12.oddBo63	38	33	25464
evenBo37.oddBo57	13	39	64909
evenBo10.oddBo50	40	46	15106
evenBo25.oddBo28	25	68	20409
evenBo37.oddBo31	13	65	8236
evenBo41.oddBo57	9	39	53196
evenBo16.oddBo20	34	76	28928
evenBo14.oddBo57	36	39	80640
evenBo4.oddBo30	46	66	936
evenBo13.oddBo29	37	67	44480
evenBo44.oddBo16	6	80	35597
evenBo41.oddBo22	9	74	19516
evenBo32.oddBo37	18	59	8997
evenBo47.oddBo34	3	62	16637
evenBo6.oddBo40	44	56	3225
evenBo8.oddBo65	42	31	16881
evenBo31.oddBo37	19	59	26639
evenBo23.oddBo56	27	40	41249
evenBo47.oddBo32	3	64	5398
evenBo20.oddBo35	30	61	7409
evenBo35.oddBo49	15	47	21953
evenBo50.oddBo66	0	30	26450
evenBo10.oddBo54	40	42	44564
evenBo32.oddBo20	18	76	27810
evenBo27.oddBo60	23	36	53221
evenBo18.oddBo35	32	61	8477
evenBo16.oddBo48	34	48	10363
evenBo36.oddBo20	14	76	3792
evenBo16.oddBo40	34	56	10068
evenBo3.oddBo64	47	32	770
evenBo27.oddBo52	23	44	77399
evenBo34.oddBo64	16	32	56336
evenBo36.oddBo35	14	61	18735
evenBo21.oddBo68	29	28	8890
evenBo41.oddBo15	9	81	60594
evenBo45.oddBo15	5	81	7664
evenBo8.oddBo49	42	47	81432
evenBo32.oddBo23	18	73	1689
evenBo43.oddBo64	7	32	26618
evenBo13.oddBo57	37	39	44818
evenBo39.oddBo65	11	31	49440
evenBo47.oddBo21	3	75	30746
evenBo11.oddBo30	39	66	1589
evenBo17.oddBo16	33	80	8913
evenBo49.oddBo19	1	77	24054
evenBo42.oddBo37	8	59	27599
evenBo39.oddBo66	11	30	33483
evenBo27.oddBo48	23	48	13948
evenBo17.oddBo53	33	43	54790
evenBo16.oddBo66	34	30	10354
evenBo20.oddBo20	30	76	3342
evenBo29.oddBo39	21	57	8519
evenBo6.oddBo42	44	54	16678
evenBo26.oddBo41	24	55	22175
evenBo10.oddBo16	40	80	2109
evenBo7.oddBo38	43	58	40764
evenBo22.oddBo38	28	58	13958
evenBo32.oddBo57	18	39	41605
evenBo24.oddBo56	26	40	96611
evenBo48.oddBo68	2	28	18459
evenBo25.oddBo54	25	42	35930
evenBo31.oddBo64	19	32	75208
evenBo31.oddBo56	19	40	42670
evenBo12.oddBo59	38	37	62269
evenBo26.oddBo57	24	39	197720
evenBo41.oddBo68	9	28	21526
evenBo36.oddBo61	14	35	71347
evenBo19.oddBo52	31	44	47374
evenBo25.oddBo65	25	31	55322
evenBo19.oddBo47	31	49	36601
evenBo7.oddBo63	43	33	2230
evenBo24.oddBo54	26	42	96494
evenBo29.oddBo70	21	26	24109
evenBo18.oddBo63	32	33	10929
evenBo34.oddBo12	16	84	2532
evenBo50.oddBo54	0	42	10274
evenBo14.oddBo22	36	74	3380
evenBo20.oddBo25	30	71	35191
evenBo31.oddBo66	19	30	62108
evenBo18.oddBo40	32	56	10863
evenBo22.oddBo67	28	29	66233
evenBo43.oddBo58	7	38	7648
evenBo21.oddBo40	29	56	20313
evenBo46.oddBo19	4	77	41816
evenBo15.oddBo38	35	58	30243
evenBo26.oddBo45	24	51	9469
evenBo16.oddBo7	34	89	1336
evenBo43.oddBo20	7	76	67888
evenBo23.oddBo65	27	31	32826
evenBo41.oddBo32	9	64	35752
evenBo21.oddBo57	29	39	68091
evenBo36.oddBo46	14	50	31392
evenBo16.oddBo42	34	54	14972
evenBo27.oddBo51	23	45	148061
evenBo37.oddBo42	13	54	13974
evenBo23.oddBo34	27	62	8956
evenBo31.oddBo70	19	26	26185
evenBo28.oddBo61	22	35	42477
evenBo2.oddBo16	48	80	1215
evenBo20.oddBo33	30	63	10781
evenBo37.oddBo36	13	60	9840
evenBo34.oddBo60	16	36	54457
evenBo32.oddBo24	18	72	2647
evenBo11.oddBo37	39	59	25483
evenBo19.oddBo46	31	50	8282
evenBo16.oddBo60	34	36	30439
evenBo21.oddBo56	29	40	68602
evenBo46.oddBo56	4	40	29145
evenBo28.oddBo60	22	36	44267
evenBo6.oddBo45	44	51	8311
evenBo46.oddBo68	4	28	17378
evenBo15.oddBo32	35	64	4621
evenBo21.oddBo48	29	48	23503
evenBo44.oddBo27	6	69	2117
evenBo17.oddBo36	33	60	44541
evenBo24.oddBo37	26	59	32740
evenBo45.oddBo70	5	26	12667
evenBo34.oddBo49	16	47	22145
evenBo45.oddBo16	5	80	48253
evenBo33.oddBo8	17	88	35746
evenBo29.oddBo46	21	50	9106
evenBo24.oddBo29	26	67	10706
evenBo19.oddBo13	31	83	5036
evenBo42.oddBo66	8	30	62449
evenBo28.oddBo43	22	53	9830
evenBo29.oddBo66	21	30	27344
evenBo16.oddBo32	34	64	4303
evenBo37.oddBo63	13	33	99657
evenBo40.oddBo57	10	39	39568
evenBo43.oddBo17	7	79	46043
evenBo46.oddBo65	4	31	3717
evenBo10.oddBo31	40	65	9448
evenBo37.oddBo30	13	66	11471
evenBo24.oddBo50	26	46	19288
evenBo29.oddBo50	21	46	34145
evenBo46.oddBo58	4	38	27831
evenBo26.oddBo40	24	56	12524
evenBo44.oddBo22	6	74	17730
evenBo39.oddBo13	11	83	13461
evenBo26.oddBo60	24	36	30244
evenBo20.oddBo54	30	42	47254
evenBo20.oddBo36	30	60	21731
evenBo34.oddBo20	16	76	10480
evenBo45.oddBo23	5	73	44237
evenBo11.oddBo36	39	60	1729
evenBo44.oddBo43	6	53	18918
evenBo41.oddBo61	9	35	50787
evenBo42.oddBo39	8	57	11013
evenBo27.oddBo64	23	32	37889
evenBo43.oddBo33	7	63	5593
evenBo1.oddBo45	49	51	1619
evenBo19.oddBo29	31	67	6657
evenBo35.oddBo28	15	68	15025
evenBo32.oddBo17	18	79	993
evenBo42.oddBo34	8	62	5545
evenBo23.oddBo39	27	57	20874
evenBo25.oddBo67	25	29	62421
evenBo36.oddBo43	14	53	42875
evenBo8.oddBo56	42	40	12315
evenBo39.oddBo57	11	39	51697
evenBo47.oddBo25	3	71	14784
evenBo6.oddBo48	44	48	9574
evenBo33.oddBo20	17	76	42207
evenBo31.oddBo10	19	86	1696
evenBo13.oddBo34	37	62	11479
evenBo28.oddBo55	22	41	51550
evenBo46.oddBo34	4	62	17013
evenBo35.oddBo31	15	65	6404
evenBo16.oddBo58	34	38	23526
evenBo26.oddBo70	24	26	15491
evenBo11.oddBo56	39	40	20459
evenBo11.oddBo21	39	75	19441
evenBo27.oddBo35	23	61	10439
evenBo21.oddBo37	29	59	16268
evenBo41.oddBo3	9	93	2829
evenBo43.oddBo69	7	27	26792
evenBo29.oddBo43	21	53	26227
evenBo40.oddBo38	10	58	12982
evenBo44.oddBo58	6	38	38373
evenBo45.oddBo36	5	60	11940
evenBo20.oddBo45	30	51	12707
evenBo33.oddBo37	17	59	18585
evenBo50.oddBo59	0	37	24488
evenBo37.oddBo60	13	36	75054
evenBo44.oddBo26	6	70	8397
evenBo36.oddBo29	14	67	22418
evenBo29.oddBo42	21	54	8918
evenBo28.oddBo22	22	74	4188
evenBo10.oddBo53	40	43	74828
evenBo9.oddBo29	41	67	20479
evenBo18.oddBo45	32	51	12775
evenBo11.oddBo69	39	27	8213
evenBo27.oddBo32	23	64	15374
evenBo33.oddBo44	17	52	17769
evenBo39.oddBo10	11	86	2133
evenBo26.oddBo32	24	64	29312
evenBo35.oddBo55	15	41	26997
evenBo38.oddBo32	12	64	17072
evenBo41.oddBo66	9	30	76971
evenBo44.oddBo12	6	84	1934
evenBo20.oddBo12	30	84	8009
evenBo25.oddBo41	25	55	11630
evenBo5.oddBo49	45	47	12960
evenBo42.oddBo17	8	79	11277
evenBo34.oddBo47	16	49	31041
evenBo46.oddBo41	4	55	6126
evenBo40.oddBo20	10	76	27843
evenBo24.oddBo6	26	90	35177
evenBo42.oddBo64	8	32	26911
evenBo28.oddBo36	22	60	22127
evenBo35.oddBo50	15	46	22126
evenBo37.oddBo47	13	49	50559
evenBo12.oddBo53	38	43	10616
evenBo20.oddBo58	30	38	94704
evenBo22.oddBo57	28	39	51927
evenBo22.oddBo49	28	47	8254
evenBo36.oddBo47	14	49	25203
evenBo39.oddBo61	11	35	22464
evenBo21.oddBo63	29	33	13578
evenBo12.oddBo30	38	66	4665
evenBo45.oddBo60	5	36	17905
evenBo8.oddBo39	42	57	20404
evenBo28.oddBo56	22	40	70474
evenBo26.oddBo35	24	61	6905
evenBo31.oddBo67	19	29	90741
evenBo18.oddBo37	32	59	17359
evenBo24.oddBo70	26	26	62965
evenBo32.oddBo25	18	71	3497
evenBo29.oddBo59	21	37	34496
evenBo24.oddBo41	26	55	8966
evenBo37.oddBo12	13	84	4486
evenBo25.oddBo38	25	58	18794
evenBo23.oddBo47	27	49	18012
evenBo20.oddBo38	30	58	12911
evenBo24.oddBo66	26	30	59458
evenBo12.oddBo41	38	55	14437
evenBo30.oddBo36	20	60	5596
evenBo40.oddBo1	10	95	2225
evenBo44.oddBo21	6	75	93625
evenBo22.oddBo59	28	37	33715
evenBo46.oddBo67	4	29	56363
evenBo6.oddBo35	44	61	4073
evenBo28.oddBo38	22	58	7815
evenBo13.oddBo58	37	38	76560
evenBo42.oddBo43	8	53	14168
evenBo31.oddBo38	19	58	7691
evenBo4.oddBo48	46	48	1424
evenBo47.oddBo29	3	67	7436
evenBo29.oddBo8	21	88	1348
evenBo11.oddBo27	39	69	864
evenBo50.oddBo31	0	65	15487
evenBo46.oddBo53	4	43	17897
evenBo40.oddBo11	10	85	47767
evenBo15.oddBo41	35	55	15932
evenBo46.oddBo25	4	71	8585
evenBo29.oddBo9	21	87	1361
evenBo36.oddBo10	14	86	26521
evenBo42.oddBo55	8	41	28731
evenBo24.oddBo27	26	69	33152
evenBo30.oddBo61	20	35	39232
evenBo28.oddBo31	22	65	12643
evenBo43.oddBo52	7	44	14503
evenBo12.oddBo18	38	78	2095
evenBo14.oddBo35	36	61	48392
evenBo11.oddBo50	39	46	9179
evenBo43.oddBo7	7	89	544
evenBo31.oddBo60	19	36	10560
evenBo40.oddBo31	10	65	33451
evenBo44.oddBo44	6	52	9117
evenBo47.oddBo58	3	38	31562
evenBo43.oddBo15	7	81	12173
evenBo32.oddBo64	18	32	16573
evenBo32.oddBo59	18	37	24523
evenBo17.oddBo65	33	31	13676
evenBo10.oddBo61	40	35	2680
evenBo44.oddBo19	6	77	139650
evenBo8.oddBo50	42	46	41384
evenBo20.oddBo61	30	35	10575
evenBo14.oddBo16	36	80	34543
evenBo46.oddBo38	4	58	4392
evenBo49.oddBo36	1	60	968
evenBo34.oddBo11	16	85	2245
evenBo32.oddBo54	18	42	31291
evenBo24.oddBo31	26	65	4143
evenBo45.oddBo44	5	52	16195
evenBo43.oddBo53	7	43	21098
evenBo24.oddBo60	26	36	28187
evenBo21.oddBo34	29	62	4180
evenBo21.oddBo45	29	51	14000
evenBo11.oddBo29	39	67	1625
evenBo38.oddBo55	12	41	42433
evenBo29.oddBo62	21	34	45118
evenBo25.oddBo29	25	67	17130
evenBo33.oddBo64	17	32	42402
evenBo25.oddBo37	25	59	22078
evenBo33.oddBo60	17	36	76359
evenBo36.oddBo49	14	47	18910
evenBo12.oddBo61	38	35	11305
evenBo41.oddBo23	9	73	21436
evenBo33.oddBo43	17	53	14606
evenBo36.oddBo60	14	36	23885
evenBo32.oddBo50	18	46	14061
evenBo30.oddBo46	20	50	37938
evenBo23.oddBo48	27	48	26941
evenBo28.oddBo34	22	62	8286
evenBo20.oddBo17	30	79	1837
evenBo21.oddBo25	29	71	36092
evenBo33.oddBo29	17	67	5028
evenBo21.oddBo52	29	44	22648
evenBo40.oddBo42	10	54	15957
evenBo35.oddBo56	15	40	76511
evenBo33.oddBo67	17	29	46788
evenBo13.oddBo38	37	58	25216
evenBo4.oddBo10	46	86	907
evenBo20.oddBo63	30	33	31399
evenBo15.oddBo64	35	32	14613
evenBo37.oddBo21	13	75	29219
evenBo8.oddBo55	42	41	2132
evenBo11.oddBo54	39	42	22933
evenBo27.oddBo63	23	33	75614
evenBo11.oddBo65	39	31	2291
evenBo35.oddBo24	15	72	6812
evenBo9.oddBo28	41	68	42549
evenBo20.oddBo59	30	37	51260
evenBo11.oddBo45	39	51	6299
evenBo49.oddBo69	1	27	18736
evenBo23.oddBo20	27	76	2506
evenBo37.oddBo51	13	45	49234
evenBo24.oddBo8	26	88	1727
evenBo7.oddBo37	43	59	19283
evenBo37.oddBo4	13	92	420
evenBo35.oddBo53	15	43	22418
evenBo25.oddBo69	25	27	67688
evenBo21.oddBo41	29	55	12287
evenBo42.oddBo13	8	83	26298
evenBo26.oddBo62	24	34	26429
evenBo37.oddBo58	13	38	82911
evenBo24.oddBo44	26	52	13752
evenBo23.oddBo62	27	34	77511
evenBo8.oddBo58	42	38	17980
evenBo39.oddBo7	11	89	492
evenBo15.oddBo36	35	60	10414
evenBo8.oddBo47	42	49	37655
evenBo38.oddBo59	12	37	79958
evenBo21.oddBo43	29	53	27693
evenBo23.oddBo67	27	29	65426
evenBo35.oddBo47	15	49	31371
evenBo23.oddBo37	27	59	19955
evenBo32.oddBo36	18	60	4950
evenBo4.oddBo43	46	53	2882
evenBo3.oddBo24	47	72	922
evenBo49.oddBo8	1	88	1503
evenBo18.oddBo48	32	48	18314
evenBo43.oddBo68	7	28	28604
evenBo39.oddBo52	11	44	6534
evenBo41.oddBo54	9	42	17151
evenBo29.oddBo25	21	71	3925
evenBo13.oddBo59	37	37	65061
evenBo12.oddBo37	38	59	5458
evenBo9.oddBo52	41	44	34685
evenBo13.oddBo39	37	57	11323
evenBo47.oddBo68	3	28	36537
evenBo21.oddBo23	29	73	21754
evenBo49.oddBo31	1	65	12051
evenBo18.oddBo61	32	35	21988
evenBo32.oddBo15	18	81	928
evenBo27.oddBo55	23	41	32878
evenBo41.oddBo14	9	82	17637
evenBo36.oddBo68	14	28	47786
evenBo19.oddBo66	31	30	51624
evenBo16.oddBo59	34	37	60685
evenBo19.oddBo45	31	51	17770
evenBo11.oddBo63	39	33	5667
evenBo16.oddBo63	34	33	35000
evenBo33.oddBo39	17	57	6268
evenBo25.oddBo70	25	26	43485
evenBo36.oddBo53	14	43	41451
evenBo12.oddBo42	38	54	11225
evenBo23.oddBo46	27	50	6411
evenBo47.oddBo70	3	26	47689
evenBo21.oddBo44	29	52	11310
evenBo50.oddBo56	0	40	4758
evenBo30.oddBo63	20	33	54957
evenBo33.oddBo35	17	61	10244
evenBo35.oddBo32	15	64	7845
evenBo45.oddBo37	5	59	7221
evenBo23.oddBo32	27	64	8002
evenBo33.oddBo18	17	78	33134
evenBo27.oddBo54	23	42	19063
evenBo38.oddBo33	12	63	8677
evenBo37.oddBo68	13	28	39573
evenBo18.oddBo27	32	69	30677
evenBo20.oddBo56	30	40	39170
evenBo32.oddBo21	18	75	52671
evenBo17.oddBo48	33	48	18529
evenBo38.oddBo12	12	84	21010
evenBo26.oddBo55	24	41	40392
evenBo38.oddBo62	12	34	33889
evenBo11.oddBo39	39	57	10419
evenBo22.oddBo46	28	50	16079
evenBo41.oddBo53	9	43	14271
evenBo39.oddBo56	11	40	29742
evenBo24.oddBo34	26	62	9006
evenBo34.oddBo41	16	55	8290
evenBo26.oddBo28	24	68	39354
evenBo30.oddBo69	20	27	41348
evenBo3.oddBo34	47	62	574
evenBo42.oddBo38	8	58	25634
evenBo41.oddBo44	9	52	7812
evenBo13.oddBo46	37	50	3852
evenBo7.oddBo45	43	51	11182
evenBo37.oddBo65	13	31	60871
evenBo21.oddBo22	29	74	16523
evenBo16.oddBo14	34	82	16265
evenBo43.oddBo34	7	62	11967
evenBo8.oddBo8	42	88	2750
evenBo11.oddBo48	39	48	19138
evenBo49.oddBo11	1	85	2014
evenBo14.oddBo67	36	29	7773
evenBo28.oddBo30	22	66	36674
evenBo34.oddBo62	16	34	69824
evenBo42.oddBo12	8	84	31816
evenBo17.oddBo42	33	54	13945
evenBo39.oddBo35	11	61	8838
evenBo13.oddBo10	37	86	1262
evenBo29.oddBo30	21	66	16267
evenBo16.oddBo36	34	60	17364
evenBo33.oddBo53	17	43	39151
evenBo7.oddBo48	43	48	20816
evenBo6.oddBo47	44	49	6256
evenBo28.oddBo52	22	44	58984
evenBo30.oddBo29	20	67	9831
evenBo39.oddBo49	11	47	4150
evenBo26.oddBo50	24	46	31342
evenBo27.oddBo9	23	87	470
evenBo47.oddBo28	3	68	21082
evenBo23.oddBo52	27	44	33600
evenBo22.oddBo39	28	57	7136
evenBo41.oddBo60	9	36	52434
evenBo13.oddBo60	37	36	65753
evenBo31.oddBo42	19	54	8014
evenBo22.oddBo56	28	40	27720
evenBo40.oddBo46	10	50	17746
evenBo7.oddBo52	43	44	15308
evenBo10.oddBo23	40	73	16918
evenBo33.oddBo31	17	65	14996
evenBo36.oddBo44	14	52	19908
evenBo47.oddBo67	3	29	21222
evenBo20.oddBo46	30	50	6698
evenBo41.oddBo59	9	37	28350
evenBo30.oddBo41	20	55	2749
evenBo45.oddBo51	5	45	2176
evenBo40.oddBo27	10	69	8650
evenBo41.oddBo42	9	54	10136
evenBo50.oddBo69	0	27	4089
evenBo19.oddBo28	31	68	6592
evenBo41.oddBo12	9	84	27334
evenBo7.oddBo36	43	60	33793
evenBo9.oddBo61	41	35	3139
evenBo13.oddBo54	37	42	36437
evenBo40.oddBo30	10	66	19104
evenBo31.oddBo55	19	41	16321
evenBo45.oddBo8	5	88	960
evenBo1.oddBo23	49	73	1161
evenBo12.oddBo20	38	76	14338
evenBo27.oddBo44	23	52	5433
evenBo9.oddBo42	41	54	1578
evenBo3.oddBo3	47	93	472
evenBo15.oddBo50	35	46	24089
evenBo23.oddBo21	27	75	7968
evenBo32.oddBo66	18	30	21542
evenBo50.oddBo61	0	35	12852
evenBo23.oddBo38	27	58	33106
evenBo39.oddBo68	11	28	28942
evenBo49.oddBo23	1	73	27395
evenBo31.oddBo8	19	88	4448
evenBo31.oddBo7	19	89	29350
evenBo21.oddBo10	29	86	5071
evenBo20.oddBo60	30	36	24165
evenBo17.oddBo26	33	70	13112
evenBo37.oddBo54	13	42	18996
evenBo5.oddBo44	45	52	2942
evenBo19.oddBo56	31	40	73462
evenBo26.oddBo52	24	44	68854
evenBo42.oddBo11	8	85	3412
evenBo22.oddBo52	28	44	30944
evenBo20.oddBo55	30	41	24492
evenBo34.oddBo58	16	38	34873
evenBo13.oddBo37	37	59	18722
evenBo12.oddBo38	38	58	39451
evenBo25.oddBo53	25	43	51375
evenBo30.oddBo52	20	44	21077
evenBo9.oddBo35	41	61	6963
evenBo30.oddBo55	20	41	14592
evenBo27.oddBo62	23	34	40115
evenBo36.oddBo55	14	41	8686
evenBo13.oddBo65	37	31	7009
evenBo34.oddBo28	16	68	26616
evenBo50.oddBo25	0	71	27597
evenBo28.oddBo47	22	49	6297
evenBo22.oddBo51	28	45	36886
evenBo42.oddBo42	8	54	5746
evenBo30.oddBo28	20	68	3830
evenBo23.oddBo7	27	89	9837
evenBo18.oddBo46	32	50	8676
evenBo17.oddBo28	33	68	3668
evenBo4.oddBo63	46	33	1375
evenBo38.oddBo68	12	28	29571
evenBo42.oddBo29	8	67	2011
evenBo17.oddBo35	33	61	22401
evenBo44.oddBo42	6	54	5549
evenBo17.oddBo34	33	62	9401
evenBo15.oddBo39	35	57	18024
evenBo12.oddBo31	38	65	13162
evenBo4.oddBo2	46	94	1348
evenBo27.oddBo66	23	30	39666
evenBo26.oddBo59	24	37	70393
evenBo38.oddBo35	12	61	6829
evenBo6.oddBo46	44	50	10093
evenBo12.oddBo70	38	26	15620
evenBo17.oddBo49	33	47	18371
evenBo10.oddBo57	40	39	11551
evenBo32.oddBo51	18	45	26200
evenBo16.oddBo50	34	46	16961
evenBo21.oddBo33	29	63	8276
evenBo22.oddBo55	28	41	36937
evenBo35.oddBo46	15	50	20404
evenBo19.oddBo17	31	79	2459
evenBo12.oddBo67	38	29	6347
evenBo41.oddBo43	9	53	7916
evenBo41.oddBo35	9	61	10426
evenBo36.oddBo42	14	54	36337
evenBo43.oddBo46	7	50	13144
evenBo41.oddBo20	9	76	36966
evenBo18.oddBo65	32	31	10083
evenBo21.oddBo61	29	35	15705
evenBo28.oddBo10	22	86	1496
evenBo44.oddBo52	6	44	22187
evenBo13.oddBo67	37	29	8127
evenBo39.oddBo64	11	32	33656
evenBo44.oddBo24	6	72	7131
evenBo22.oddBo66	28	30	28089
evenBo21.oddBo42	29	54	7790
evenBo16.oddBo46	34	50	4955
evenBo41.oddBo69	9	27	16985
evenBo36.oddBo39	14	57	10292
evenBo29.oddBo61	21	35	41410
evenBo8.oddBo63	42	33	3189
evenBo48.oddBo33	2	63	11741
evenBo42.oddBo33	8	63	8574
evenBo25.oddBo14	25	82	1122
evenBo7.oddBo39	43	57	35446
evenBo45.oddBo30	5	66	1809
evenBo24.oddBo28	26	68	12832
evenBo44.oddBo25	6	71	4634
evenBo48.oddBo21	2	75	22521
evenBo32.oddBo42	18	54	7561
evenBo44.oddBo68	6	28	16672
evenBo40.oddBo55	10	41	7181
evenBo29.oddBo48	21	48	16455
evenBo26.oddBo61	24	35	26530
evenBo38.oddBo41	12	55	19447
evenBo20.oddBo52	30	44	32167
evenBo7.oddBo51	43	45	39658
evenBo27.oddBo34	23	62	6244
evenBo24.oddBo45	26	51	10664
evenBo41.oddBo4	9	92	2998
evenBo12.oddBo54	38	42	49607
evenBo24.oddBo57	26	39	70790
evenBo28.oddBo28	22	68	10280
evenBo8.oddBo38	42	58	36241
evenBo38.oddBo46	12	50	31128
evenBo9.oddBo44	41	52	9556
evenBo11.oddBo14	39	82	881
evenBo36.oddBo70	14	26	22604
evenBo39.oddBo36	11	60	4292
evenBo14.oddBo1	36	95	1854
evenBo41.oddBo11	9	85	8801
evenBo12.oddBo65	38	31	5739
evenBo42.oddBo46	8	50	35836
evenBo12.oddBo50	38	46	5742
evenBo33.oddBo48	17	48	29399
evenBo16.oddBo44	34	52	7672
evenBo36.oddBo48	14	48	28279
evenBo33.oddBo13	17	83	1980
evenBo36.oddBo23	14	73	9072
evenBo31.oddBo69	19	27	46721
evenBo22.oddBo45	28	51	13995
evenBo39.oddBo38	11	58	3130
evenBo37.oddBo29	13	67	25747
evenBo31.oddBo50	19	46	35474
evenBo10.oddBo55	40	41	6942
evenBo12.oddBo51	38	45	13398
evenBo19.oddBo24	31	72	3138
evenBo24.oddBo51	26	45	24345
evenBo17.oddBo24	33	72	2161
evenBo22.oddBo41	28	55	16181
evenBo33.oddBo40	17	56	6210
evenBo26.oddBo29	24	67	11488
evenBo7.oddBo19	43	77	602
evenBo36.oddBo38	14	58	11636
evenBo22.oddBo36	28	60	8742
evenBo30.oddBo59	20	37	30475
evenBo47.oddBo53	3	43	21704
evenBo12.oddBo19	38	77	11299
evenBo23.oddBo70	27	26	13364
evenBo36.oddBo19	14	77	1132
evenBo46.oddBo20	4	76	63359
evenBo22.oddBo64	28	32	19505
evenBo13.oddBo41	37	55	12331
evenBo40.oddBo15	10	81	5448
evenBo44.oddBo57	6	39	28286
evenBo39.oddBo58	11	38	42091
evenBo30.oddBo49	20	47	15565
evenBo17.oddBo38	33	58	14818
evenBo42.oddBo14	8	82	15957
evenBo40.oddBo24	10	72	6649
evenBo29.oddBo24	21	72	3765
evenBo37.oddBo32	13	64	4253
evenBo41.oddBo9	9	87	1002
evenBo38.oddBo50	12	46	19535
evenBo15.oddBo61	35	35	38982
evenBo9.oddBo59	41	37	14352
evenBo47.oddBo39	3	57	789
evenBo20.oddBo66	30	30	17476
evenBo32.oddBo5	18	91	492
evenBo43.oddBo22	7	74	19844
evenBo36.oddBo31	14	65	5207
evenBo14.oddBo19	36	77	1252
evenBo31.oddBo39	19	57	2456
evenBo15.oddBo1	35	95	831
evenBo28.oddBo65	22	31	9534
evenBo30.oddBo31	20	65	6452
evenBo44.oddBo34	6	62	7657
evenBo49.oddBo27	1	69	9832
evenBo38.oddBo38	12	58	23140
evenBo19.oddBo23	31	73	20912
evenBo14.oddBo64	36	32	12130
evenBo32.oddBo70	18	26	18261
evenBo33.oddBo49	17	47	25329
evenBo46.oddBo69	4	27	43086
evenBo7.oddBo57	43	39	10811
evenBo23.oddBo54	27	42	28786
evenBo20.oddBo34	30	62	9137
evenBo32.oddBo30	18	66	10335
evenBo7.oddBo65	43	31	1212
evenBo22.oddBo33	28	63	13631
evenBo37.oddBo14	13	82	63508
evenBo22.oddBo32	28	64	15175
evenBo27.oddBo12	23	84	1334
evenBo32.oddBo55	18	41	6970
evenBo9.oddBo36	41	60	7864
evenBo44.oddBo55	6	41	10498
evenBo14.oddBo47	36	49	15587
evenBo32.oddBo53	18	43	24230
evenBo12.oddBo29	38	67	4235
evenBo19.oddBo43	31	53	32930
evenBo41.oddBo52	9	44	6646
evenBo32.oddBo61	18	35	49247
evenBo26.oddBo37	24	59	12085
evenBo32.oddBo52	18	44	23230
evenBo15.oddBo22	35	74	12879
evenBo18.oddBo32	32	64	4880
evenBo50.oddBo27	0	69	2423
evenBo1.oddBo56	49	40	1786
evenBo30.oddBo53	20	43	46377
evenBo23.oddBo28	27	68	26262
evenBo28.oddBo32	22	64	8271
evenBo39.oddBo37	11	59	12199
evenBo35.oddBo39	15	57	10218
evenBo16.oddBo64	34	32	37273
evenBo49.oddBo53	1	43	15185
evenBo27.oddBo43	23	53	9095
evenBo13.oddBo35	37	61	17243
evenBo45.oddBo17	5	79	28046
evenBo34.oddBo46	16	50	17363
evenBo6.oddBo39	44	57	2573
evenBo41.oddBo45	9	51	16536
evenBo38.oddBo57	12	39	46999
evenBo30.oddBo38	20	58	16738
evenBo11.oddBo43	39	53	18568
evenBo40.oddBo43	10	53	13796
evenBo17.oddBo50	33	46	26268
evenBo11.oddBo61	39	35	9638
evenBo39.oddBo51	11	45	27745
evenBo15.oddBo12	35	84	631
evenBo44.oddBo56	6	40	48761
evenBo42.oddBo65	8	31	41360
evenBo18.oddBo11	32	85	14522
evenBo45.oddBo35	5	61	26156
evenBo37.oddBo28	13	68	5494
evenBo34.oddBo55	16	41	19316
evenBo42.oddBo58	8	38	25719
evenBo29.oddBo64	21	32	18930
evenBo26.oddBo48	24	48	17765
evenBo13.oddBo31	37	65	5153
evenBo42.oddBo48	8	48	2189
evenBo38.oddBo21	12	75	40569
evenBo49.oddBo3	1	93	810
evenBo18.oddBo50	32	46	61080
evenBo42.oddBo3	8	93	2717
evenBo47.oddBo56	3	40	10142
evenBo40.oddBo54	10	42	38861
evenBo39.oddBo21	11	75	25567
evenBo23.oddBo35	27	61	21978
evenBo27.oddBo5	23	91	14482
evenBo46.oddBo27	4	69	4141
evenBo25.oddBo52	25	44	29908
evenBo29.oddBo69	21	27	24832
evenBo26.oddBo34	24	62	5896
evenBo36.oddBo59	14	37	57065
evenBo28.oddBo5	22	91	10707
evenBo2.oddBo23	48	73	1352
evenBo43.oddBo54	7	42	32656
evenBo50.oddBo19	0	77	1565
evenBo20.oddBo13	30	83	1520
evenBo19.oddBo25	31	71	4332
evenBo22.oddBo34	28	62	6794
evenBo20.oddBo30	30	66	15193
evenBo45.oddBo43	5	53	12275
evenBo13.oddBo36	37	60	8083
evenBo44.oddBo17	6	79	47727
evenBo33.oddBo28	17	68	7257
evenBo14.oddBo43	36	53	3402
evenBo26.oddBo54	24	42	48285
evenBo21.oddBo21	29	75	11407
evenBo46.oddBo16	4	80	12469
evenBo26.oddBo66	24	30	34797
evenBo17.oddBo30	33	66	3109
evenBo37.oddBo22	13	74	26787
evenBo17.oddBo60	33	36	55675
evenBo7.oddBo47	43	49	21647
evenBo23.oddBo60	27	36	32121
evenBo48.oddBo19	2	77	8093
evenBo12.oddBo33	38	63	20751
evenBo39.oddBo55	11	41	14710
evenBo40.oddBo22	10	74	31934
evenBo11.oddBo60	39	36	8303
evenBo19.oddBo64	31	32	6833
evenBo21.oddBo65	29	31	13071
evenBo36.oddBo40	14	56	11107
evenBo29.oddBo67	21	29	26863
evenBo49.oddBo48	1	48	1844
evenBo5.oddBo11	45	85	2410
evenBo8.oddBo48	42	48	34745
evenBo50.oddBo68	0	28	11431
evenBo4.oddBo52	46	44	1703
evenBo1.oddBo3	49	93	998
evenBo17.oddBo52	33	44	19927
evenBo25.oddBo44	25	52	8043
evenBo26.oddBo64	24	32	12290
evenBo28.oddBo35	22	61	8790
evenBo40.oddBo29	10	67	1578
evenBo36.oddBo32	14	64	3958
evenBo34.oddBo22	16	74	7543
evenBo47.oddBo40	3	56	4948
evenBo45.oddBo53	5	43	15384
evenBo41.oddBo41	9	55	14649
evenBo43.oddBo32	7	64	15631
evenBo16.oddBo33	34	63	7867
evenBo42.oddBo22	8	74	18696
evenBo43.oddBo62	7	34	14665
evenBo14.oddBo25	36	71	6036
evenBo27.oddBo14	23	82	1560
evenBo41.oddBo64	9	32	59047
evenBo45.oddBo31	5	65	3093
evenBo34.oddBo10	16	86	7068
evenBo30.oddBo16	20	80	2647
evenBo10.oddBo7	40	89	371
evenBo34.oddBo45	16	51	17521
evenBo10.oddBo26	40	70	3161
evenBo39.oddBo23	11	73	9366
evenBo30.oddBo68	20	28	32703
evenBo37.oddBo64	13	32	55883
evenBo9.oddBo55	41	41	12245
evenBo41.oddBo13	9	83	22644
evenBo34.oddBo61	16	35	29865
evenBo38.oddBo31	12	65	14902
evenBo41.oddBo39	9	57	7586
evenBo14.oddBo50	36	46	24648
evenBo25.oddBo6	25	90	24563
evenBo30.oddBo39	20	57	7779
evenBo37.oddBo10	13	86	59784
evenBo12.oddBo28	38	68	7686
evenBo11.oddBo62	39	34	19002
evenBo18.oddBo23	32	73	7615
evenBo3.oddBo17	47	79	950
evenBo34.oddBo70	16	26	32910
evenBo32.oddBo33	18	63	5979
evenBo7.oddBo58	43	38	7878
evenBo16.oddBo4	34	92	1026
evenBo17.oddBo67	33	29	14113
evenBo30.oddBo51	20	45	22783
evenBo35.oddBo33	15	63	18964
evenBo38.oddBo23	12	73	11529
evenBo27.oddBo41	23	55	7237
evenBo16.oddBo52	34	44	20453
evenBo37.oddBo1	13	95	945
evenBo46.oddBo17	4	79	12344
evenBo11.oddBo58	39	38	10990
evenBo41.oddBo29	9	67	2576
evenBo19.oddBo61	31	35	4375
evenBo19.oddBo69	31	27	15647
evenBo11.oddBo44	39	52	5113
evenBo16.oddBo54	34	42	42040
evenBo33.oddBo33	17	63	5065
evenBo27.oddBo30	23	66	8768
evenBo28.oddBo37	22	59	9300
evenBo33.oddBo19	17	77	40354
evenBo12.oddBo62	38	34	11565
evenBo31.oddBo61	19	35	33351
evenBo42.oddBo30	8	66	4195
evenBo30.oddBo60	20	36	14880
evenBo14.oddBo42	36	54	11606
evenBo22.oddBo31	28	65	3619
evenBo29.oddBo60	21	36	42574
evenBo26.oddBo33	24	63	9138
evenBo22.oddBo68	28	28	14031
evenBo12.oddBo46	38	50	5565
evenBo29.oddBo16	21	80	1804
evenBo22.oddBo2	28	94	932
evenBo41.oddBo48	9	48	24946
evenBo39.oddBo26	11	70	5168
evenBo7.oddBo29	43	67	7670
evenBo44.oddBo67	6	29	14387
evenBo30.oddBo19	20	77	799
evenBo26.oddBo19	24	77	1282
evenBo11.oddBo11	39	85	2566
evenBo25.oddBo45	25	51	12334
evenBo42.oddBo70	8	26	16912
evenBo25.oddBo21	25	75	5585
evenBo41.oddBo50	9	46	12614
evenBo36.oddBo25	14	71	5534
evenBo42.oddBo63	8	33	25643
evenBo33.oddBo52	17	44	23024
evenBo14.oddBo52	36	44	21519
evenBo34.oddBo35	16	61	8366
evenBo23.oddBo61	27	35	33312
evenBo40.oddBo9	10	87	965
evenBo39.oddBo53	11	43	9980
evenBo38.oddBo2	12	94	2282
evenBo30.oddBo56	20	40	18231
evenBo35.oddBo40	15	56	7300
evenBo9.oddBo58	41	38	22064
evenBo11.oddBo40	39	56	6802
evenBo32.oddBo4	18	92	543
evenBo18.oddBo39	32	57	18364
evenBo4.oddBo54	46	42	1483
evenBo35.oddBo41	15	55	20716
evenBo8.oddBo21	42	75	2166
evenBo20.oddBo48	30	48	26292
evenBo49.oddBo22	1	74	13161
evenBo18.oddBo47	32	49	23377
evenBo18.oddBo31	32	65	8629
evenBo6.oddBo53	44	43	4887
evenBo19.oddBo30	31	66	9525
evenBo37.oddBo38	13	58	9886
evenBo10.oddBo25	40	71	3957
evenBo40.oddBo45	10	51	6808
evenBo34.oddBo30	16	66	55350
evenBo46.oddBo18	4	78	14112
evenBo18.oddBo5	32	91	1570
evenBo18.oddBo14	32	82	4104
evenBo27.oddBo26	23	70	2108
evenBo16.oddBo23	34	73	7612
evenBo30.oddBo54	20	42	17967
evenBo38.oddBo30	12	66	40410
evenBo16.oddBo65	34	31	8525
evenBo36.oddBo65	14	31	23255
evenBo26.oddBo46	24	50	15744
evenBo44.oddBo33	6	63	12846
evenBo28.oddBo68	22	28	13356
evenBo14.oddBo26	36	70	5159
evenBo12.oddBo25	38	71	2484
evenBo39.oddBo29	11	67	6127
evenBo15.oddBo44	35	52	2007
evenBo8.oddBo33	42	63	5479
evenBo37.oddBo53	13	43	40839
evenBo42.oddBo52	8	44	21340
evenBo49.oddBo32	1	64	13677
evenBo46.oddBo35	4	61	10627
evenBo46.oddBo40	4	56	5005
evenBo21.oddBo59	29	37	23349
evenBo39.oddBo63	11	33	56778
evenBo34.oddBo37	16	59	17788
evenBo14.oddBo3	36	93	3821
evenBo34.oddBo42	16	54	7029
evenBo35.oddBo22	15	74	21044
evenBo17.oddBo63	33	33	10679
evenBo32.oddBo31	18	65	10962
evenBo38.oddBo22	12	74	35922
evenBo1.oddBo62	49	34	629
evenBo20.oddBo31	30	65	8187
evenBo34.oddBo36	16	60	4781
evenBo43.oddBo37	7	59	12458
evenBo32.oddBo47	18	49	10745
evenBo33.oddBo70	17	26	33599
evenBo11.oddBo22	39	74	4453
evenBo31.oddBo49	19	47	18011
evenBo15.oddBo7	35	89	952
evenBo28.oddBo49	22	47	16393
evenBo43.oddBo35	7	61	5793
evenBo9.oddBo50	41	46	17885
evenBo29.oddBo36	21	60	9313
evenBo8.oddBo43	42	53	7258
evenBo26.oddBo44	24	52	9218
evenBo14.oddBo51	36	45	27293
evenBo13.oddBo18	37	78	12338
evenBo6.oddBo31	44	65	5937
evenBo31.oddBo47	19	49	2212
evenBo35.oddBo21	15	75	14187
evenBo22.oddBo27	28	69	20111
evenBo46.oddBo22	4	74	27232
evenBo13.oddBo26	37	70	3395
evenBo39.oddBo41	11	55	10182
evenBo19.oddBo11	31	85	4138
evenBo17.oddBo7	33	89	843
evenBo40.oddBo44	10	52	4196
evenBo5.oddBo34	45	62	1911
evenBo40.oddBo62	10	34	27691
evenBo35.oddBo10	15	86	6662
evenBo40.oddBo23	10	73	12155
evenBo43.oddBo42	7	54	6822
evenBo7.oddBo43	43	53	8554
evenBo47.oddBo15	3	81	2997
evenBo14.oddBo32	36	64	5642
evenBo26.oddBo9	24	87	951
evenBo38.oddBo40	12	56	9263
evenBo46.oddBo59	4	37	19102
evenBo32.oddBo22	18	74	6355
evenBo32.oddBo43	18	53	14238
evenBo31.oddBo3	19	93	1201
evenBo50.oddBo20	0	76	29263
evenBo48.oddBo53	2	43	26105
evenBo24.oddBo5	26	91	876
evenBo27.oddBo42	23	54	10345
evenBo13.oddBo25	37	71	5913
evenBo15.oddBo67	35	29	5386
evenBo36.oddBo64	14	32	30674
evenBo27.oddBo47	23	49	13661
evenBo29.oddBo21	21	75	5052
evenBo27.oddBo39	23	57	3421
evenBo23.oddBo5	27	91	1286
evenBo46.oddBo51	4	45	6594
evenBo31.oddBo33	19	63	4422
evenBo50.oddBo5	0	91	970
evenBo21.oddBo8	29	88	9321
evenBo29.oddBo47	21	49	4891
evenBo48.oddBo58	2	38	8254
evenBo1.oddBo64	49	32	845
evenBo19.oddBo16	31	80	3587
evenBo39.oddBo40	11	56	8149
evenBo36.oddBo36	14	60	15552
evenBo37.oddBo48	13	48	45904
evenBo2.oddBo30	48	66	938
evenBo45.oddBo57	5	39	5677
evenBo1.oddBo14	49	82	610
evenBo28.oddBo6	22	90	10525
evenBo38.oddBo34	12	62	15869
evenBo20.oddBo42	30	54	6601
evenBo11.oddBo9	39	87	726
evenBo34.oddBo13	16	83	7813
evenBo40.oddBo68	10	28	25770
evenBo15.oddBo54	35	42	8346
evenBo45.oddBo45	5	51	25697
evenBo50.oddBo64	0	32	10813
evenBo41.oddBo24	9	72	5329
evenBo2.oddBo31	48	65	572
evenBo9.oddBo32	41	64	1949
evenBo33.oddBo17	17	79	22115
evenBo50.oddBo9	0	87	315
evenBo46.oddBo37	4	59	6973
evenBo49.oddBo61	1	35	17412
evenBo12.oddBo40	38	56	17077
evenBo19.oddBo32	31	64	1962
evenBo23.oddBo25	27	71	4556
evenBo43.oddBo59	7	37	7005
evenBo35.oddBo17	15	79	21788
evenBo28.oddBo58	22	38	47978
evenBo27.oddBo49	23	47	14805
evenBo49.oddBo62	1	34	23220
evenBo25.oddBo19	25	77	1863
evenBo39.oddBo46	11	50	6678
evenBo21.oddBo50	29	46	18625
evenBo48.oddBo56	2	40	16476
evenBo22.oddBo28	28	68	5567
evenBo36.oddBo52	14	44	6925
evenBo3.oddBo29	47	67	824
evenBo33.oddBo47	17	49	27215
evenBo15.oddBo47	35	49	2916
evenBo24.oddBo32	26	64	8946
evenBo16.oddBo3	34	93	1600
evenBo48.oddBo57	2	39	11815
evenBo17.oddBo32	33	64	5588
evenBo40.oddBo69	10	27	24596
evenBo16.oddBo49	34	47	17920
evenBo34.oddBo9	16	87	10710
evenBo47.oddBo24	3	72	27073
evenBo25.oddBo34	25	62	5510
evenBo22.oddBo48	28	48	17290
evenBo20.oddBo24	30	72	7025
evenBo4.oddBo59	46	37	2295
evenBo44.oddBo54	6	42	17409
evenBo26.oddBo49	24	47	12095
evenBo29.oddBo34	21	62	3923
evenBo10.oddBo69	40	27	11371
evenBo15.oddBo28	35	68	8622
evenBo13.oddBo45	37	51	11356
evenBo23.oddBo42	27	54	6902
evenBo23.oddBo59	27	37	41667
evenBo28.oddBo48	22	48	14544
evenBo6.oddBo67	44	29	773
evenBo30.oddBo20	20	76	4218
evenBo46.oddBo31	4	65	6583
evenBo31.oddBo54	19	42	63672
evenBo43.oddBo66	7	30	24708
evenBo8.oddBo35	42	61	14582
evenBo7.oddBo55	43	41	4008
evenBo39.oddBo11	11	85	11855
evenBo4.oddBo45	46	51	7018
evenBo40.oddBo34	10	62	15487
evenBo25.oddBo47	25	49	19186
evenBo6.oddBo57	44	39	7945
evenBo32.oddBo11	18	85	1273
evenBo42.oddBo19	8	77	3770
evenBo23.oddBo36	27	60	7415
evenBo45.oddBo41	5	55	6742
evenBo14.oddBo44	36	52	3548
evenBo23.oddBo49	27	47	33380
evenBo20.oddBo41	30	55	13293
evenBo37.oddBo44	13	52	19894
evenBo34.oddBo40	16	56	11827
evenBo15.oddBo29	35	67	16757
evenBo32.oddBo38	18	58	14982
evenBo46.oddBo36	4	60	8949
evenBo16.oddBo67	34	29	17039
evenBo37.oddBo24	13	72	6341
evenBo11.oddBo55	39	41	14078
evenBo16.oddBo37	34	59	11190
evenBo9.oddBo45	41	51	11885
evenBo1.oddBo67	49	29	2750
evenBo49.oddBo56	1	40	9441
evenBo31.oddBo22	19	74	3197
evenBo49.oddBo50	1	46	1219
evenBo23.oddBo24	27	72	4114
evenBo17.oddBo66	33	30	11557
evenBo9.oddBo40	41	56	5699
evenBo37.oddBo41	13	55	7268
evenBo23.oddBo50	27	46	31529
evenBo40.oddBo35	10	61	11528
evenBo12.oddBo36	38	60	2615
evenBo31.oddBo28	19	68	6499
evenBo3.oddBo38	47	58	14832
evenBo44.oddBo15	6	81	11829
evenBo48.oddBo25	2	71	15055
evenBo40.oddBo41	10	55	15537
evenBo26.oddBo2	24	94	624
evenBo30.oddBo47	20	49	4076
evenBo5.oddBo17	45	79	240
evenBo47.oddBo63	3	33	3001
evenBo9.oddBo19	41	77	602
evenBo30.oddBo48	20	48	26181
evenBo30.oddBo45	20	51	7379
evenBo17.oddBo14	33	82	2949
evenBo23.oddBo29	27	67	4353
evenBo29.oddBo41	21	55	3427
evenBo28.oddBo13	22	83	1152
evenBo29.oddBo5	21	91	6482
evenBo38.oddBo24	12	72	9283
evenBo46.oddBo23	4	73	31788
evenBo39.oddBo62	11	34	29685
evenBo18.oddBo69	32	27	5765
evenBo40.oddBo36	10	60	7813
evenBo38.oddBo5	12	91	1250
evenBo22.oddBo62	28	34	40846
evenBo21.oddBo46	29	50	8452
evenBo18.oddBo43	32	53	27960
evenBo13.oddBo40	37	56	11823
evenBo33.oddBo54	17	42	18003
evenBo48.oddBo52	2	44	10845
evenBo48.oddBo59	2	37	10242
evenBo44.oddBo30	6	66	5726
evenBo45.oddBo38	5	58	7178
evenBo45.oddBo25	5	71	5774
evenBo19.oddBo39	31	57	12754
evenBo3.oddBo61	47	35	846
evenBo50.oddBo29	0	67	2933
evenBo27.oddBo69	23	27	18814
evenBo11.oddBo51	39	45	10009
evenBo46.oddBo28	4	68	18203
evenBo36.oddBo2	14	94	1331
evenBo42.oddBo57	8	39	23534
evenBo13.oddBo62	37	34	9779
evenBo21.oddBo18	29	78	1153
evenBo3.oddBo40	47	56	9208
evenBo39.oddBo2	11	94	776
evenBo16.oddBo17	34	79	2840
evenBo34.oddBo56	16	40	11988
evenBo4.oddBo47	46	49	3110
evenBo18.oddBo2	32	94	1419
evenBo17.oddBo22	33	74	8101
evenBo13.oddBo43	37	53	3329
evenBo6.oddBo37	44	59	3042
evenBo3.oddBo41	47	55	24108
evenBo21.oddBo32	29	64	3208
evenBo44.oddBo69	6	27	6675
evenBo22.oddBo7	28	89	5406
evenBo10.oddBo1	40	95	748
evenBo31.oddBo36	19	60	7209
evenBo7.oddBo62	43	34	37270
evenBo37.oddBo17	13	79	1794
evenBo39.oddBo67	11	29	29937
evenBo42.oddBo26	8	70	7791
evenBo27.oddBo50	23	46	37717
evenBo47.oddBo64	3	32	977
evenBo15.oddBo2	35	94	520
evenBo11.oddBo31	39	65	2866
evenBo42.oddBo35	8	61	9578
evenBo5.oddBo47	45	49	13509
evenBo19.oddBo33	31	63	1878
evenBo22.oddBo9	28	87	2113
evenBo36.oddBo11	14	85	6044
evenBo27.oddBo46	23	50	5113
evenBo8.oddBo26	42	70	11914
evenBo15.oddBo49	35	47	8569
evenBo28.oddBo15	22	81	1052
evenBo25.oddBo1	25	95	1915
evenBo27.oddBo15	23	81	1722
evenBo48.oddBo17	2	79	10406
evenBo34.oddBo21	16	75	16371
evenBo11.oddBo59	39	37	10824
evenBo22.oddBo21	28	75	2310
evenBo33.oddBo10	17	86	2771
evenBo36.oddBo41	14	55	16285
evenBo14.oddBo55	36	41	6361
evenBo17.oddBo5	33	91	1289
evenBo44.oddBo61	6	35	4138
evenBo48.oddBo9	2	87	347
evenBo27.oddBo29	23	67	10956
evenBo43.oddBo5	7	91	916
evenBo35.oddBo20	15	76	5484
evenBo10.oddBo48	40	48	9836
evenBo45.oddBo42	5	54	3818
evenBo30.oddBo40	20	56	5064
evenBo10.oddBo64	40	32	1389
evenBo29.oddBo13	21	83	1271
evenBo41.oddBo40	9	56	13820
evenBo42.oddBo68	8	28	12998
evenBo23.oddBo40	27	56	10345
evenBo20.oddBo70	30	26	3323
evenBo14.oddBo30	36	66	8916
evenBo22.oddBo50	28	46	33492
evenBo28.oddBo8	22	88	935
evenBo34.oddBo43	16	53	23631
evenBo38.oddBo49	12	47	9352
evenBo48.oddBo35	2	61	1089
evenBo16.oddBo15	34	81	4722
evenBo36.oddBo14	14	82	18880
evenBo43.oddBo3	7	93	747
evenBo30.oddBo64	20	32	30856
evenBo34.oddBo2	16	94	1207
evenBo26.oddBo20	24	76	2012
evenBo12.oddBo68	38	28	2332
evenBo42.oddBo32	8	64	16148
evenBo17.oddBo18	33	78	3692
evenBo30.oddBo44	20	52	10086
evenBo20.oddBo69	30	27	7244
evenBo33.oddBo26	17	70	5266
evenBo2.oddBo66	48	30	808
evenBo46.oddBo15	4	81	1479
evenBo27.oddBo19	23	77	952
evenBo37.oddBo40	13	56	7785
evenBo9.oddBo27	41	69	10869
evenBo23.oddBo30	27	66	6137
evenBo22.oddBo69	28	27	19341
evenBo10.oddBo58	40	38	36795
evenBo16.oddBo38	34	58	24116
evenBo14.oddBo24	36	72	7464
evenBo49.oddBo37	1	59	507
evenBo26.oddBo30	24	66	10381
evenBo5.oddBo51	45	45	10716
evenBo22.oddBo60	28	36	24837
evenBo43.oddBo70	7	26	7334
evenBo12.oddBo69	38	27	3983
evenBo39.oddBo18	11	78	1639
evenBo34.oddBo1	16	95	765
evenBo14.oddBo31	36	65	5191
evenBo18.oddBo44	32	52	36905
evenBo44.oddBo65	6	31	10155
evenBo38.oddBo52	12	44	9889
evenBo30.oddBo11	20	85	1550
evenBo18.oddBo42	32	54	13206
evenBo37.oddBo45	13	51	8608
evenBo44.oddBo62	6	34	3592
evenBo10.oddBo35	40	61	3607
evenBo19.oddBo68	31	28	13260
evenBo44.oddBo60	6	36	7236
evenBo45.oddBo32	5	64	10355
evenBo39.oddBo16	11	80	1621
evenBo26.oddBo5	24	91	10527
evenBo48.oddBo55	2	41	5791
evenBo6.oddBo51	44	45	5843
evenBo45.oddBo39	5	57	4675
evenBo13.oddBo42	37	54	3700
evenBo34.oddBo7	16	89	526
evenBo49.oddBo10	1	86	776
evenBo32.oddBo29	18	67	7518
evenBo25.oddBo31	25	65	6732
evenBo26.oddBo15	24	81	1408
evenBo34.oddBo33	16	63	5297
evenBo31.oddBo23	19	73	3030
evenBo32.oddBo27	18	69	5679
evenBo17.oddBo23	33	73	7328
evenBo28.oddBo44	22	52	11944
evenBo43.oddBo31	7	65	8111
evenBo6.oddBo59	44	37	1208
evenBo31.oddBo35	19	61	5613
evenBo10.oddBo60	40	36	4347
evenBo26.oddBo27	24	69	1699
evenBo3.oddBo31	47	65	1067
evenBo27.oddBo24	23	72	2665
evenBo40.oddBo12	10	84	8246
evenBo37.oddBo11	13	85	7671
evenBo38.oddBo54	12	42	16782
evenBo18.oddBo67	32	29	13987
evenBo27.oddBo31	23	65	5936
evenBo6.oddBo22	44	74	1253
evenBo49.oddBo16	1	80	1871
evenBo32.oddBo39	18	57	3008
evenBo11.oddBo34	39	62	3147
evenBo15.oddBo66	35	30	4353
evenBo28.oddBo29	22	67	6200
evenBo26.oddBo43	24	53	21895
evenBo23.oddBo64	27	32	21418
evenBo12.oddBo34	38	62	4478
evenBo25.oddBo64	25	32	29298
evenBo43.oddBo28	7	68	5771
evenBo48.oddBo67	2	29	10981
evenBo12.oddBo52	38	44	6568
evenBo36.oddBo37	14	59	9925
evenBo23.oddBo31	27	65	9746
evenBo19.oddBo44	31	52	15636
evenBo47.oddBo57	3	39	20265
evenBo21.oddBo26	29	70	10399
evenBo19.oddBo20	31	76	20083
evenBo25.oddBo35	25	61	6516
evenBo3.oddBo46	47	50	890
evenBo46.oddBo52	4	44	14720
evenBo16.oddBo30	34	66	6772
evenBo29.oddBo44	21	52	11185
evenBo3.oddBo52	47	44	603
evenBo9.oddBo25	41	71	3369
evenBo25.oddBo4	25	92	571
evenBo32.oddBo9	18	87	5931
evenBo17.oddBo19	33	77	5246
evenBo33.oddBo24	17	72	3880
evenBo20.oddBo39	30	57	5268
evenBo26.oddBo18	24	78	4558
evenBo43.oddBo24	7	72	9329
evenBo31.oddBo43	19	53	21387
evenBo49.oddBo59	1	37	10460
evenBo47.oddBo52	3	44	4408
evenBo36.oddBo34	14	62	16883
evenBo2.oddBo38	48	58	578
evenBo49.oddBo44	1	52	986
evenBo28.oddBo46	22	50	3839
evenBo12.oddBo48	38	48	1826
evenBo33.oddBo36	17	60	4603
evenBo26.oddBo17	24	79	2439
evenBo33.oddBo11	17	85	1341
evenBo16.oddBo70	34	26	3960
evenBo42.oddBo45	8	51	6585
evenBo50.oddBo18	0	78	777
evenBo15.oddBo33	35	63	15424
evenBo20.oddBo43	30	53	11684
evenBo49.oddBo33	1	63	2363
evenBo46.oddBo8	4	88	649
evenBo5.oddBo37	45	59	737
evenBo29.oddBo1	21	95	1268
evenBo33.oddBo9	17	87	7303
evenBo5.oddBo45	45	51	1805
evenBo2.oddBo43	48	53	334
evenBo44.oddBo63	6	33	3130
evenBo9.oddBo47	41	49	3465
evenBo22.oddBo26	28	70	2605
evenBo7.oddBo44	43	52	18208
evenBo44.oddBo70	6	26	5775
evenBo45.oddBo27	5	69	3070
evenBo25.oddBo9	25	87	1443
evenBo11.oddBo28	39	68	1129
evenBo45.oddBo14	5	82	17911
evenBo4.oddBo19	46	77	1359
evenBo35.oddBo14	15	82	8647
evenBo7.oddBo34	43	62	2250
evenBo47.oddBo66	3	30	3324
evenBo21.oddBo36	29	60	5263
evenBo41.oddBo16	9	80	10076
evenBo24.oddBo47	26	49	35635
evenBo43.oddBo29	7	67	3313
evenBo16.oddBo45	34	51	8782
evenBo33.oddBo50	17	46	17420
evenBo27.oddBo3	23	93	1353
evenBo20.oddBo50	30	46	10335
evenBo3.oddBo28	47	68	649
evenBo44.oddBo1	6	95	1543
evenBo9.oddBo63	41	33	2834
evenBo5.oddBo48	45	48	9180
evenBo35.oddBo26	15	70	9448
evenBo5.oddBo43	45	53	2035
evenBo38.oddBo26	12	70	10956
evenBo39.oddBo28	11	68	2268
evenBo20.oddBo62	30	34	9376
evenBo39.oddBo47	11	49	10767
evenBo33.oddBo32	17	64	3293
evenBo13.oddBo52	37	44	6314
evenBo11.oddBo10	39	86	1102
evenBo10.oddBo51	40	45	18242
evenBo42.oddBo5	8	91	850
evenBo17.oddBo27	33	69	11345
evenBo31.oddBo24	19	72	1991
evenBo50.oddBo30	0	66	10791
evenBo39.oddBo24	11	72	6195
evenBo4.oddBo5	46	91	718
evenBo42.oddBo56	8	40	16415
evenBo39.oddBo14	11	82	16664
evenBo42.oddBo69	8	27	24368
evenBo20.oddBo1	30	95	2690
evenBo40.oddBo49	10	47	2008
evenBo31.oddBo57	19	39	42182
evenBo31.oddBo52	19	44	31448
evenBo14.oddBo65	36	31	12070
evenBo21.oddBo39	29	57	8551
evenBo4.oddBo62	46	34	425
evenBo45.oddBo50	5	46	1285
evenBo24.oddBo46	26	50	5935
evenBo9.oddBo2	41	94	822
evenBo13.oddBo33	37	63	7324
evenBo7.oddBo64	43	32	1245
evenBo19.oddBo51	31	45	33637
evenBo44.oddBo13	6	83	12227
evenBo41.oddBo26	9	70	15988
evenBo37.oddBo27	13	69	6946
evenBo8.oddBo61	42	35	3615
evenBo12.oddBo26	38	70	3417
evenBo1.oddBo9	49	87	581
evenBo17.oddBo17	33	79	4214
evenBo1.oddBo25	49	71	698
evenBo8.oddBo59	42	37	3972
evenBo36.oddBo18	14	78	1803
evenBo49.oddBo52	1	44	1948
evenBo36.oddBo33	14	63	7867
evenBo22.oddBo47	28	49	10467
evenBo17.oddBo15	33	81	2690
evenBo45.oddBo67	5	29	10486
evenBo38.oddBo1	12	95	905
evenBo43.oddBo14	7	82	6032
evenBo10.oddBo29	40	67	1031
evenBo37.oddBo16	13	80	2407
evenBo22.oddBo44	28	52	20998
evenBo35.oddBo64	15	32	6929
evenBo4.oddBo7	46	89	738
evenBo14.oddBo23	36	73	3522
evenBo38.oddBo10	12	86	57549
evenBo8.oddBo30	42	66	11790
evenBo6.oddBo50	44	46	10376
evenBo32.oddBo44	18	52	13784
evenBo26.oddBo68	24	28	17412
evenBo33.oddBo16	17	80	6512
evenBo39.oddBo31	11	65	7105
evenBo49.oddBo54	1	42	4749
evenBo46.oddBo9	4	87	804
evenBo32.oddBo56	18	40	19715
evenBo11.oddBo33	39	63	1764
evenBo38.oddBo42	12	54	11380
evenBo3.oddBo42	47	54	2821
evenBo49.oddBo6	1	90	758
evenBo8.oddBo19	42	77	2868
evenBo46.oddBo39	4	57	2425
evenBo5.oddBo38	45	58	2298
evenBo30.oddBo10	20	86	904
evenBo40.oddBo2	10	94	1470
evenBo15.oddBo40	35	56	12424
evenBo23.oddBo10	27	86	1922
evenBo25.oddBo36	25	60	4440
evenBo48.oddBo2	2	94	1455
evenBo19.oddBo27	31	69	15904
evenBo6.oddBo30	44	66	4259
evenBo29.oddBo45	21	51	4112
evenBo4.oddBo50	46	46	514
evenBo41.oddBo28	9	68	11706
evenBo48.oddBo62	2	34	12743
evenBo11.oddBo64	39	32	3149
evenBo40.oddBo39	10	57	8557
evenBo45.oddBo63	5	33	4203
evenBo16.oddBo68	34	28	5356
evenBo35.oddBo36	15	60	7012
evenBo19.oddBo62	31	34	4242
evenBo20.oddBo65	30	31	12208
evenBo20.oddBo11	30	85	3069
evenBo14.oddBo14	36	82	789
evenBo18.oddBo15	32	81	2841
evenBo14.oddBo4	36	92	658
evenBo40.oddBo28	10	68	5306
evenBo31.oddBo27	19	69	5792
evenBo18.oddBo12	32	84	14497
evenBo19.oddBo31	31	65	7699
evenBo36.oddBo5	14	91	790
evenBo17.oddBo37	33	59	17026
evenBo12.oddBo45	38	51	6629
evenBo29.oddBo32	21	64	8611
evenBo8.oddBo29	42	67	7495
evenBo6.oddBo2	44	94	1756
evenBo11.oddBo17	39	79	673
evenBo9.oddBo56	41	40	8540
evenBo28.oddBo39	22	57	4642
evenBo29.oddBo6	21	90	19005
evenBo5.oddBo58	45	38	1455
evenBo30.oddBo42	20	54	6958
evenBo1.oddBo2	49	94	1960
evenBo39.oddBo25	11	71	3589
evenBo5.oddBo30	45	66	2968
evenBo46.oddBo32	4	64	13968
evenBo48.oddBo48	2	48	663
evenBo1.oddBo8	49	88	1297
evenBo44.oddBo64	6	32	2706
evenBo25.oddBo26	25	70	2420
evenBo36.oddBo50	14	46	13168
evenBo10.oddBo13	40	83	1860
evenBo24.oddBo7	26	89	3037
evenBo4.oddBo35	46	61	10908
evenBo19.oddBo42	31	54	13587
evenBo49.oddBo60	1	36	2405
evenBo1.oddBo26	49	70	493
evenBo43.oddBo12	7	84	2328
evenBo26.oddBo23	24	73	2046
evenBo18.oddBo41	32	55	17074
evenBo6.oddBo29	44	67	1116
evenBo30.oddBo30	20	66	11641
evenBo19.oddBo70	31	26	7794
evenBo33.oddBo25	17	71	2534
evenBo47.oddBo10	3	86	1489
evenBo27.oddBo1	23	95	518
evenBo46.oddBo64	4	32	2467
evenBo48.oddBo63	2	33	4087
evenBo2.oddBo19	48	77	652
evenBo46.oddBo44	4	52	10049
evenBo8.oddBo67	42	29	1822
evenBo29.oddBo22	21	74	9814
evenBo21.oddBo38	29	58	8191
evenBo46.oddBo29	4	67	6500
evenBo18.oddBo25	32	71	6246
evenBo37.oddBo52	13	44	18868
evenBo44.oddBo66	6	30	3739
evenBo6.oddBo55	44	41	1602
evenBo40.oddBo19	10	77	3090
evenBo12.oddBo7	38	89	1495
evenBo27.oddBo6	23	90	1742
evenBo3.oddBo14	47	82	1410
evenBo10.oddBo40	40	56	2350
evenBo45.oddBo1	5	95	1315
evenBo17.oddBo62	33	34	13311
evenBo15.oddBo18	35	78	929
evenBo13.oddBo1	37	95	2213
evenBo11.oddBo52	39	44	15034
evenBo15.oddBo11	35	85	584
evenBo6.oddBo20	44	76	2202
evenBo29.oddBo49	21	47	7188
evenBo10.oddBo56	40	40	6967
evenBo16.oddBo8	34	88	686
evenBo1.oddBo27	49	69	500
evenBo15.oddBo14	35	82	1573
evenBo21.oddBo7	29	89	624
evenBo24.oddBo14	26	82	1078
evenBo8.oddBo44	42	52	6396
evenBo40.oddBo13	10	83	19626
evenBo48.oddBo49	2	47	848
evenBo28.oddBo19	22	77	1814
evenBo29.oddBo14	21	82	4435
evenBo25.oddBo17	25	79	2149
evenBo10.oddBo22	40	74	6262
evenBo11.oddBo16	39	80	1308
evenBo48.oddBo39	2	57	628
evenBo26.oddBo26	24	70	2875
evenBo29.oddBo12	21	84	1018
evenBo17.oddBo45	33	51	10310
evenBo11.oddBo12	39	84	764
evenBo23.oddBo6	27	90	5040
evenBo22.oddBo25	28	71	2533
evenBo43.oddBo23	7	73	8957
evenBo48.oddBo70	2	26	19965
evenBo42.oddBo40	8	56	5087
evenBo27.oddBo40	23	56	4939
evenBo49.oddBo26	1	70	2565
evenBo21.oddBo64	29	32	4659
evenBo49.oddBo38	1	58	598
evenBo44.oddBo41	6	55	4780
evenBo47.oddBo26	3	70	8854
evenBo6.oddBo66	44	30	656
evenBo49.oddBo43	1	53	607
evenBo47.oddBo17	3	79	10442
evenBo8.oddBo45	42	51	7858
evenBo49.oddBo41	1	55	1400
evenBo27.oddBo70	23	26	15279
evenBo24.oddBo39	26	57	6467
evenBo38.oddBo15	12	81	2666
evenBo18.oddBo29	32	67	3147
evenBo33.oddBo12	17	84	3123
evenBo34.oddBo31	16	65	10695
evenBo41.oddBo56	9	40	12097
evenBo40.oddBo5	10	91	645
evenBo42.oddBo1	8	95	4185
evenBo13.oddBo17	37	79	6001
evenBo37.oddBo23	13	73	19784
evenBo10.oddBo36	40	60	7953
evenBo18.oddBo36	32	60	11059
evenBo8.oddBo68	42	28	680
evenBo9.oddBo48	41	48	10457
evenBo4.oddBo17	46	79	483
evenBo49.oddBo66	1	30	18772
evenBo34.oddBo26	16	70	3707
evenBo31.oddBo40	19	56	3136
evenBo12.oddBo24	38	72	1261
evenBo25.oddBo68	25	28	21653
evenBo49.oddBo47	1	49	720
evenBo15.oddBo52	35	44	13501
evenBo50.oddBo38	0	58	662
evenBo19.oddBo34	31	62	6687
evenBo33.oddBo23	17	73	7738
evenBo41.oddBo30	9	66	3441
evenBo11.oddBo23	39	73	2462
evenBo25.oddBo33	25	63	7282
evenBo45.oddBo40	5	56	5686
evenBo35.oddBo27	15	69	3687
evenBo47.oddBo2	3	94	1958
evenBo7.oddBo50	43	46	18125
evenBo33.oddBo55	17	41	9255
evenBo4.oddBo8	46	88	1037
evenBo35.oddBo13	15	83	2128
evenBo38.oddBo17	12	79	1925
evenBo47.oddBo16	3	80	24194
evenBo36.oddBo9	14	87	12422
evenBo12.oddBo32	38	64	9810
evenBo33.oddBo62	17	34	14515
evenBo5.oddBo55	45	41	1178
evenBo22.oddBo37	28	59	7815
evenBo29.oddBo18	21	78	6290
evenBo32.oddBo2	18	94	619
evenBo13.oddBo24	37	72	3306
evenBo6.oddBo8	44	88	1364
evenBo47.oddBo41	3	55	11965
evenBo14.oddBo2	36	94	1395
evenBo10.oddBo63	40	33	15943
evenBo49.oddBo70	1	26	8355
evenBo10.oddBo43	40	53	5328
evenBo43.oddBo39	7	57	2396
evenBo45.oddBo64	5	32	2360
evenBo1.oddBo32	49	64	1269
evenBo8.oddBo25	42	71	8932
evenBo48.oddBo18	2	78	7481
evenBo48.oddBo24	2	72	15081
evenBo9.oddBo22	41	74	3746
evenBo34.oddBo38	16	58	16814
evenBo28.oddBo66	22	30	12873
evenBo30.oddBo12	20	84	2331
evenBo17.oddBo70	33	26	3482
evenBo5.oddBo16	45	80	1410
evenBo3.oddBo55	47	41	806
evenBo32.oddBo32	18	64	9067
evenBo13.oddBo49	37	47	9217
evenBo12.oddBo27	38	69	2750
evenBo22.oddBo40	28	56	9410
evenBo2.oddBo37	48	59	2047
evenBo30.oddBo8	20	88	2115
evenBo30.oddBo24	20	72	3138
evenBo24.oddBo21	26	75	5363
evenBo48.oddBo65	2	31	2328
evenBo37.oddBo39	13	57	9331
evenBo31.oddBo34	19	62	3107
evenBo6.oddBo6	44	90	555
evenBo30.oddBo21	20	75	5198
evenBo25.oddBo42	25	54	8454
evenBo50.oddBo45	0	51	899
evenBo20.oddBo14	30	82	2725
evenBo1.oddBo50	49	46	1500
evenBo45.oddBo13	5	83	2799
evenBo12.oddBo22	38	74	1201
evenBo46.oddBo14	4	82	3172
evenBo31.oddBo31	19	65	5008
evenBo34.oddBo24	16	72	10883
evenBo6.oddBo41	44	55	3810
evenBo47.oddBo50	3	46	354
evenBo7.oddBo4	43	92	518
evenBo15.oddBo48	35	48	3154
evenBo44.oddBo2	6	94	1661
evenBo8.oddBo40	42	56	7760
evenBo2.oddBo10	48	86	905
evenBo6.oddBo33	44	63	1446
evenBo39.oddBo12	11	84	11887
evenBo5.oddBo41	45	55	1132
evenBo26.oddBo21	24	75	2500
evenBo24.oddBo17	26	79	1622
evenBo11.oddBo35	39	61	4433
evenBo16.oddBo24	34	72	1509
evenBo42.oddBo51	8	45	2315
evenBo16.oddBo26	34	70	5070
evenBo38.oddBo9	12	87	1495
evenBo20.oddBo68	30	28	7887
evenBo19.oddBo9	31	87	1645
evenBo14.oddBo68	36	28	2789
evenBo8.oddBo17	42	79	923
evenBo40.oddBo25	10	71	5819
evenBo42.oddBo4	8	92	868
evenBo10.oddBo66	40	30	2444
evenBo8.oddBo23	42	73	1353
evenBo38.oddBo44	12	52	9090
evenBo32.oddBo40	18	56	2218
evenBo21.oddBo3	29	93	1529
evenBo19.oddBo18	31	78	3146
evenBo24.oddBo23	26	73	1930
evenBo24.oddBo22	26	74	3010
evenBo36.oddBo4	14	92	1236
evenBo11.oddBo25	39	71	1551
evenBo10.oddBo70	40	26	688
evenBo48.oddBo13	2	83	2846
evenBo5.oddBo32	45	64	1096
evenBo19.oddBo2	31	94	1818
evenBo13.oddBo7	37	89	1164
evenBo25.oddBo5	25	91	1525
evenBo50.oddBo4	0	92	684
evenBo36.oddBo28	14	68	5627
evenBo21.oddBo30	29	66	3022
evenBo27.oddBo13	23	83	3671
evenBo43.oddBo2	7	94	1319
evenBo44.oddBo38	6	58	10570
evenBo49.oddBo68	1	28	13950
evenBo7.oddBo6	43	90	574
evenBo22.oddBo11	28	85	802
evenBo17.oddBo9	33	87	700
evenBo24.oddBo25	26	71	4531
evenBo47.oddBo45	3	51	635
evenBo21.oddBo15	29	81	8700
evenBo19.oddBo15	31	81	2956
evenBo13.oddBo11	37	85	1095
evenBo1.oddBo10	49	86	572
evenBo34.oddBo14	16	82	5270
evenBo8.oddBo2	42	94	1018
evenBo8.oddBo15	42	81	1123
evenBo1.oddBo15	49	81	1053
evenBo21.oddBo16	29	80	1757
evenBo14.oddBo18	36	78	1236
evenBo45.oddBo9	5	87	843
evenBo2.oddBo67	48	29	807
evenBo11.oddBo2	39	94	923
evenBo7.oddBo70	43	26	1901
evenBo31.oddBo6	19	90	3188
evenBo28.oddBo42	22	54	4449
evenBo20.oddBo15	30	81	1670
evenBo13.oddBo44	37	52	3311
evenBo15.oddBo34	35	62	2849
evenBo15.oddBo10	35	86	1309
evenBo8.oddBo34	42	62	10691
evenBo39.oddBo27	11	69	4120
evenBo40.oddBo10	10	86	1886
evenBo40.oddBo16	10	80	5473
evenBo10.oddBo46	40	50	15547
evenBo31.oddBo29	19	67	8927
evenBo18.oddBo10	32	86	1412
evenBo17.oddBo47	33	49	8468
evenBo16.oddBo25	34	71	2758
evenBo9.oddBo62	41	34	2566
evenBo8.oddBo46	42	50	10103
evenBo6.oddBo1	44	95	1492
evenBo19.oddBo1	31	95	2409
evenBo50.oddBo7	0	89	511
evenBo43.oddBo36	7	60	4163
evenBo15.oddBo45	35	51	2109
evenBo13.oddBo66	37	30	8227
evenBo2.oddBo56	48	40	1185
evenBo5.oddBo1	45	95	301
evenBo9.oddBo65	41	31	1548
evenBo38.oddBo25	12	71	8082
evenBo25.oddBo40	25	56	4796
evenBo1.oddBo46	49	50	788
evenBo12.oddBo12	38	84	1211
evenBo27.oddBo20	23	76	2824
evenBo4.oddBo58	46	38	1781
evenBo12.oddBo16	38	80	1492
evenBo46.oddBo55	4	41	11498
evenBo1.oddBo13	49	83	771
evenBo15.oddBo42	35	54	3424
evenBo16.oddBo35	34	61	8648
evenBo37.oddBo46	13	50	10707
evenBo10.oddBo65	40	31	1776
evenBo5.oddBo7	45	89	1408
evenBo19.oddBo7	31	89	838
evenBo37.oddBo33	13	63	2322
evenBo42.oddBo50	8	46	1488
evenBo29.oddBo19	21	77	1905
evenBo31.oddBo11	19	85	1806
evenBo27.oddBo45	23	51	2970
evenBo30.oddBo26	20	70	2305
evenBo20.oddBo7	30	89	547
evenBo13.oddBo16	37	80	1182
evenBo21.oddBo6	29	90	335
evenBo9.oddBo69	41	27	726
evenBo1.oddBo61	49	35	723
evenBo8.oddBo31	42	65	3853
evenBo13.oddBo28	37	68	3470
evenBo36.oddBo26	14	70	4882
evenBo7.oddBo60	43	36	4480
evenBo11.oddBo26	39	70	1043
evenBo13.oddBo2	37	94	1563
evenBo13.oddBo19	37	77	2093
evenBo48.oddBo44	2	52	3381
evenBo9.oddBo57	41	39	12181
evenBo34.oddBo39	16	57	11164
evenBo17.oddBo31	33	65	3461
evenBo45.oddBo24	5	72	9310
evenBo34.oddBo27	16	69	4923
evenBo46.oddBo12	4	84	978
evenBo4.oddBo11	46	85	2079
evenBo27.oddBo28	23	68	6066
evenBo2.oddBo32	48	64	2042
evenBo45.oddBo47	5	49	2817
evenBo13.oddBo51	37	45	4889
evenBo6.oddBo49	44	47	4685
evenBo43.oddBo50	7	46	373
evenBo37.oddBo37	13	59	9337
evenBo9.oddBo46	41	50	2851
evenBo24.oddBo40	26	56	6318
evenBo7.oddBo31	43	65	1611
evenBo7.oddBo21	43	75	1871
evenBo45.oddBo62	5	34	3879
evenBo4.oddBo53	46	43	1338
evenBo40.oddBo32	10	64	8973
evenBo43.oddBo51	7	45	990
evenBo28.oddBo12	22	84	1025
evenBo28.oddBo45	22	51	3664
evenBo49.oddBo45	1	51	1760
evenBo47.oddBo60	3	36	2824
evenBo47.oddBo11	3	85	1714
evenBo20.oddBo32	30	64	5413
evenBo24.oddBo30	26	66	6332
evenBo15.oddBo24	35	72	2165
evenBo18.oddBo28	32	68	5668
evenBo32.oddBo19	18	77	3651
evenBo50.oddBo42	0	54	469
evenBo28.oddBo1	22	95	622
evenBo48.oddBo64	2	32	1470
evenBo33.oddBo15	17	81	3138
evenBo34.oddBo32	16	64	8963
evenBo16.oddBo34	34	62	11295
evenBo28.oddBo20	22	76	1142
evenBo5.oddBo46	45	50	3063
evenBo7.oddBo66	43	30	525
evenBo3.oddBo1	47	95	945
evenBo39.oddBo30	11	66	6850
evenBo16.oddBo16	34	80	6402
evenBo15.oddBo5	35	91	490
evenBo8.oddBo64	42	32	6820
evenBo1.oddBo49	49	47	242
evenBo39.oddBo17	11	79	1162
evenBo42.oddBo8	8	88	1659
evenBo28.oddBo23	22	73	1312
evenBo21.oddBo9	29	87	1239
evenBo46.oddBo42	4	54	3689
evenBo8.oddBo9	42	87	1464
evenBo31.oddBo41	19	55	6341
evenBo8.oddBo1	42	95	1171
evenBo1.oddBo22	49	74	1273
evenBo41.oddBo49	9	47	3697
evenBo18.oddBo13	32	83	1319
evenBo5.oddBo22	45	74	1518
evenBo44.oddBo11	6	85	1246
evenBo41.oddBo27	9	69	6345
evenBo17.oddBo44	33	52	8646
evenBo46.oddBo30	4	66	1435
evenBo3.oddBo62	47	34	979
evenBo24.oddBo18	26	78	3217
evenBo25.oddBo12	25	84	534
evenBo16.oddBo19	34	77	2483
evenBo4.oddBo40	46	56	1590
evenBo12.oddBo21	38	75	4169
evenBo1.oddBo52	49	44	703
evenBo30.oddBo32	20	64	1860
evenBo33.oddBo38	17	58	13265
evenBo24.oddBo15	26	81	2006
evenBo37.oddBo25	13	71	14176
evenBo10.oddBo12	40	84	1063
evenBo21.oddBo19	29	77	2594
evenBo3.oddBo37	47	59	824
evenBo42.oddBo31	8	65	15256
evenBo26.oddBo22	24	74	3797
evenBo50.oddBo33	0	63	557
evenBo47.oddBo36	3	60	1243
evenBo24.oddBo42	26	54	5580
evenBo5.oddBo20	45	76	373
evenBo45.oddBo48	5	48	1698
evenBo31.oddBo25	19	71	2091
evenBo14.oddBo15	36	81	857
evenBo4.oddBo38	46	58	1639
evenBo48.oddBo29	2	67	4391
evenBo48.oddBo14	2	82	1480
evenBo47.oddBo3	3	93	1242
evenBo24.oddBo24	26	72	3046
evenBo6.oddBo36	44	60	7369
evenBo41.oddBo33	9	63	4193
evenBo5.oddBo40	45	56	887
evenBo45.oddBo59	5	37	13499
evenBo49.oddBo42	1	54	550
evenBo4.oddBo1	46	95	324
evenBo30.oddBo33	20	63	1993
evenBo49.oddBo4	1	92	983
evenBo50.oddBo35	0	61	1440
evenBo35.oddBo11	15	85	5631
evenBo39.oddBo45	11	51	8744
evenBo9.oddBo18	41	78	1005
evenBo23.oddBo23	27	73	1879
evenBo27.oddBo21	23	75	1761
evenBo41.oddBo25	9	71	5427
evenBo42.oddBo28	8	68	9584
evenBo48.oddBo45	2	51	2088
evenBo28.oddBo2	22	94	595
evenBo5.oddBo65	45	31	939
evenBo9.oddBo60	41	36	7365
evenBo18.oddBo19	32	77	3941
evenBo17.oddBo69	33	27	5575
evenBo31.oddBo16	19	80	4552
evenBo15.oddBo30	35	66	2008
evenBo50.oddBo21	0	75	8855
evenBo23.oddBo19	27	77	1230
evenBo49.oddBo28	1	68	6417
evenBo43.oddBo43	7	53	5760
evenBo31.oddBo9	19	87	2269
evenBo20.oddBo8	30	88	2763
evenBo14.oddBo21	36	75	6600
evenBo24.oddBo1	26	95	1928
evenBo26.oddBo1	24	95	835
evenBo46.oddBo26	4	70	4229
evenBo11.oddBo41	39	55	4259
evenBo39.oddBo15	11	81	1734
evenBo26.oddBo16	24	80	1831
evenBo5.oddBo15	45	81	666
evenBo50.oddBo17	0	79	1514
evenBo50.oddBo8	0	88	848
evenBo14.oddBo27	36	69	2491
evenBo25.oddBo3	25	93	810
evenBo16.oddBo1	34	95	2492
evenBo39.oddBo34	11	62	6253
evenBo36.oddBo12	14	84	4061
evenBo31.oddBo14	19	82	1901
evenBo27.oddBo16	23	80	2238
evenBo11.oddBo49	39	47	4597
evenBo10.oddBo45	40	51	2871
evenBo45.oddBo55	5	41	4077
evenBo7.oddBo42	43	54	6446
evenBo9.oddBo6	41	90	894
evenBo50.oddBo15	0	81	537
evenBo47.oddBo7	3	89	960
evenBo33.oddBo3	17	93	1443
evenBo16.oddBo31	34	65	6568
evenBo17.oddBo46	33	50	11904
evenBo12.oddBo44	38	52	7955
evenBo47.oddBo49	3	47	1361
evenBo43.oddBo48	7	48	1196
evenBo15.oddBo23	35	73	2948
evenBo44.oddBo39	6	57	5223
evenBo13.oddBo21	37	75	5221
evenBo27.oddBo38	23	58	4431
evenBo6.oddBo5	44	91	265
evenBo14.oddBo6	36	90	1430
evenBo22.oddBo13	28	83	1320
evenBo50.oddBo53	0	43	5462
evenBo1.oddBo59	49	37	1399
evenBo24.oddBo3	26	93	3172
evenBo1.oddBo36	49	60	685
evenBo32.oddBo41	18	55	5527
evenBo30.oddBo15	20	81	2192
evenBo29.oddBo4	21	92	2873
evenBo41.oddBo2	9	94	1004
evenBo35.oddBo5	15	91	1700
evenBo48.oddBo12	2	84	697
evenBo5.oddBo21	45	75	843
evenBo3.oddBo7	47	89	429
evenBo10.oddBo67	40	29	3195
evenBo24.oddBo33	26	63	4370
evenBo24.oddBo20	26	76	1419
evenBo5.oddBo61	45	35	492
evenBo43.oddBo10	7	86	1062
evenBo12.oddBo49	38	47	3634
evenBo28.oddBo3	22	93	1137
evenBo13.oddBo12	37	84	1164
evenBo19.oddBo5	31	91	690
evenBo43.oddBo18	7	78	3450
evenBo22.oddBo10	28	86	1236
evenBo30.oddBo35	20	61	3263
evenBo37.oddBo15	13	81	6287
evenBo12.oddBo60	38	36	16912
evenBo5.oddBo3	45	93	302
evenBo10.oddBo3	40	93	1942
evenBo18.oddBo4	32	92	1245
evenBo29.oddBo27	21	69	1253
evenBo13.oddBo5	37	91	564
evenBo50.oddBo52	0	44	452
evenBo17.oddBo25	33	71	2982
evenBo2.oddBo54	48	42	1952
evenBo6.oddBo16	44	80	1168
evenBo48.oddBo66	2	30	4543
evenBo23.oddBo33	27	63	2753
evenBo18.oddBo1	32	95	1441
evenBo2.oddBo70	48	26	2263
evenBo44.oddBo31	6	65	7088
evenBo45.oddBo66	5	30	3177
evenBo9.oddBo66	41	30	1741
evenBo28.oddBo25	22	71	2702
evenBo7.oddBo33	43	63	2281
evenBo15.oddBo6	35	90	1279
evenBo24.oddBo12	26	84	1584
evenBo22.oddBo42	28	54	6580
evenBo1.oddBo63	49	33	1355
evenBo48.oddBo6	2	90	370
evenBo8.oddBo42	42	54	7804
evenBo4.oddBo70	46	26	1251
evenBo38.oddBo48	12	48	11704
evenBo34.oddBo44	16	52	10617
evenBo40.oddBo48	10	48	3436
evenBo21.oddBo11	29	85	1908
evenBo11.oddBo19	39	77	1618
evenBo15.oddBo35	35	61	7893
evenBo39.oddBo19	11	77	1141
evenBo50.oddBo16	0	80	1820
evenBo3.oddBo18	47	78	543
evenBo18.oddBo18	32	78	3777
evenBo3.oddBo9	47	87	770
evenBo37.oddBo19	13	77	1455
evenBo48.oddBo16	2	80	4563
evenBo50.oddBo51	0	45	850
evenBo41.oddBo19	9	77	3835
evenBo39.oddBo20	11	76	3965
evenBo21.oddBo14	29	82	2482
evenBo44.oddBo3	6	93	2621
evenBo39.oddBo32	11	64	3945
evenBo6.oddBo34	44	62	2010
evenBo8.oddBo62	42	34	2311
evenBo25.oddBo39	25	57	8862
evenBo48.oddBo31	2	65	1370
evenBo4.oddBo64	46	32	2408
evenBo10.oddBo68	40	28	2917
evenBo49.oddBo30	1	66	1393
evenBo6.oddBo9	44	87	524
evenBo48.oddBo30	2	66	1246
evenBo27.oddBo2	23	94	584
evenBo25.oddBo8	25	88	1167
evenBo43.oddBo60	7	36	5358
evenBo43.oddBo38	7	58	3735
evenBo13.oddBo13	37	83	1087
evenBo48.oddBo47	2	49	980
evenBo39.oddBo42	11	54	6303
evenBo7.oddBo67	43	29	665
evenBo3.oddBo35	47	61	1523
evenBo21.oddBo35	29	61	4405
evenBo17.oddBo8	33	88	978
evenBo44.oddBo46	6	50	1753
evenBo47.oddBo61	3	35	1853
evenBo15.oddBo70	35	26	1876
evenBo30.oddBo13	20	83	2463
evenBo37.oddBo3	13	93	1050
evenBo12.oddBo35	38	61	3120
evenBo37.oddBo20	13	76	3621
evenBo8.oddBo10	42	86	501
evenBo1.oddBo33	49	63	906
evenBo17.oddBo29	33	67	4041
evenBo6.oddBo13	44	83	1058
evenBo39.oddBo43	11	53	9810
evenBo35.oddBo8	15	88	947
evenBo28.oddBo9	22	87	988
evenBo21.oddBo28	29	68	3232
evenBo32.oddBo46	18	50	14563
evenBo47.oddBo48	3	48	1331
evenBo23.oddBo12	27	84	3672
evenBo41.oddBo18	9	78	3165
evenBo39.oddBo5	11	91	335
evenBo50.oddBo50	0	46	270
evenBo13.oddBo15	37	81	564
evenBo8.oddBo12	42	84	1366
evenBo14.oddBo45	36	51	6023
evenBo3.oddBo26	47	70	1490
evenBo4.oddBo51	46	45	700
evenBo35.oddBo19	15	77	2022
evenBo29.oddBo2	21	94	388
evenBo5.oddBo36	45	60	888
evenBo50.oddBo13	0	83	1104
evenBo12.oddBo64	38	32	4218
evenBo3.oddBo19	47	77	789
evenBo49.oddBo18	1	78	9771
evenBo19.oddBo6	31	90	831
evenBo46.oddBo49	4	47	839
evenBo11.oddBo3	39	93	1929
evenBo9.oddBo4	41	92	2663
evenBo48.oddBo36	2	60	252
evenBo3.oddBo54	47	42	1142
evenBo24.oddBo19	26	77	1255
evenBo25.oddBo46	25	50	5862
evenBo16.oddBo13	34	83	4355
evenBo27.oddBo17	23	79	2238
evenBo25.oddBo20	25	76	1538
evenBo46.oddBo13	4	83	2205
evenBo28.oddBo17	22	79	876
evenBo23.oddBo43	27	53	14197
evenBo36.oddBo13	14	83	2344
evenBo7.oddBo25	43	71	2643
evenBo7.oddBo26	43	70	2970
evenBo48.oddBo61	2	35	18009
evenBo5.oddBo5	45	91	1223
evenBo22.oddBo29	28	67	1134
evenBo16.oddBo18	34	78	2323
evenBo49.oddBo65	1	31	3762
evenBo26.oddBo24	24	72	1721
evenBo13.oddBo23	37	73	1703
evenBo29.oddBo33	21	63	4345
evenBo3.oddBo39	47	57	1160
evenBo43.oddBo13	7	83	7671
evenBo10.oddBo27	40	69	4333
evenBo50.oddBo23	0	73	5253
evenBo3.oddBo16	47	80	403
evenBo19.oddBo19	31	77	3223
evenBo2.oddBo65	48	31	723
evenBo50.oddBo11	0	85	834
evenBo48.oddBo34	2	62	2729
evenBo27.oddBo11	23	85	912
evenBo15.oddBo16	35	80	3887
evenBo28.oddBo7	22	89	2620
evenBo23.oddBo44	27	52	10446
evenBo32.oddBo6	18	90	1342
evenBo16.oddBo11	34	85	1524
evenBo26.oddBo13	24	83	1207
evenBo42.oddBo9	8	87	2286
evenBo23.oddBo45	27	51	11064
evenBo16.oddBo47	34	49	8577
evenBo5.oddBo54	45	42	1380
evenBo1.oddBo20	49	76	2145
evenBo3.oddBo25	47	71	1601
evenBo14.oddBo69	36	27	6688
evenBo9.oddBo31	41	65	3006
evenBo4.oddBo65	46	31	1426
evenBo3.oddBo5	47	91	330
evenBo6.oddBo54	44	42	5757
evenBo47.oddBo65	3	31	1878
evenBo20.oddBo3	30	93	1766
evenBo42.oddBo10	8	86	1738
evenBo13.oddBo70	37	26	2894
evenBo23.oddBo3	27	93	1747
evenBo29.oddBo20	21	76	3205
evenBo29.oddBo17	21	79	1596
evenBo6.oddBo56	44	40	5995
evenBo13.oddBo68	37	28	2140
evenBo4.oddBo44	46	52	4891
evenBo31.oddBo19	19	77	1234
evenBo6.oddBo24	44	72	624
evenBo5.oddBo63	45	33	840
evenBo50.oddBo37	0	59	729
evenBo38.oddBo19	12	77	2329
evenBo12.oddBo3	38	93	586
evenBo12.oddBo66	38	30	2551
evenBo22.oddBo19	28	77	679
evenBo9.oddBo34	41	62	4277
evenBo1.oddBo41	49	55	929
evenBo9.oddBo30	41	66	9064
evenBo8.oddBo20	42	76	1137
evenBo17.oddBo3	33	93	1481
evenBo6.oddBo11	44	85	641
evenBo50.oddBo28	0	68	1384
evenBo19.oddBo63	31	33	4091
evenBo21.oddBo1	29	95	800
evenBo11.oddBo67	39	29	2963
evenBo15.oddBo25	35	71	4072
evenBo6.oddBo58	44	38	6610
evenBo41.oddBo34	9	62	4854
evenBo21.oddBo29	29	67	2879
evenBo10.oddBo47	40	49	5014
evenBo45.oddBo68	5	28	4347
evenBo32.oddBo34	18	62	1959
evenBo5.oddBo57	45	39	367
evenBo27.oddBo25	23	71	1604
evenBo31.oddBo1	19	95	563
evenBo48.oddBo11	2	85	1095
evenBo34.oddBo4	16	92	775
evenBo1.oddBo37	49	59	1013
evenBo43.oddBo30	7	66	1142
evenBo10.oddBo11	40	85	1355
evenBo2.oddBo57	48	39	633
evenBo10.oddBo42	40	54	1444
evenBo44.oddBo45	6	51	6821
evenBo23.oddBo15	27	81	1024
evenBo32.oddBo14	18	82	1455
evenBo28.oddBo24	22	72	1905
evenBo2.oddBo25	48	71	1126
evenBo44.oddBo5	6	91	2414
evenBo16.oddBo27	34	69	6377
evenBo48.oddBo40	2	56	1352
evenBo46.oddBo6	4	90	1331
evenBo15.oddBo43	35	53	4439
evenBo43.oddBo25	7	71	1736
evenBo22.oddBo16	28	80	3729
evenBo37.oddBo34	13	62	5488
evenBo11.oddBo53	39	43	11334
evenBo24.oddBo16	26	80	2670
evenBo43.oddBo1	7	95	680
evenBo37.oddBo6	13	90	1104
evenBo3.oddBo59	47	37	1444
evenBo11.oddBo32	39	64	985
evenBo6.oddBo26	44	70	983
evenBo21.oddBo2	29	94	805
evenBo46.oddBo54	4	42	11103
evenBo33.oddBo5	17	91	712
evenBo3.oddBo32	47	64	823
evenBo26.oddBo10	24	86	719
evenBo46.oddBo1	4	95	1584
evenBo13.oddBo3	37	93	1717
evenBo18.oddBo8	32	88	721
evenBo45.oddBo3	5	93	3053
evenBo2.oddBo48	48	48	691
evenBo50.oddBo12	0	84	981
evenBo50.oddBo44	0	52	424
evenBo7.oddBo16	43	80	505
evenBo9.oddBo8	41	88	685
evenBo30.oddBo14	20	82	962
evenBo3.oddBo70	47	26	442
evenBo43.oddBo40	7	56	1962
evenBo38.oddBo8	12	88	1237
evenBo45.oddBo56	5	40	8217
evenBo6.oddBo63	44	33	1209
evenBo4.oddBo31	46	65	1027
evenBo30.oddBo17	20	79	1584
evenBo14.oddBo9	36	87	1987
evenBo23.oddBo4	27	92	361
evenBo48.oddBo7	2	89	579
evenBo9.oddBo11	41	85	740
evenBo12.oddBo14	38	82	1157
evenBo32.oddBo7	18	89	9408
evenBo40.oddBo53	10	43	5425
evenBo15.oddBo27	35	69	1391
evenBo48.oddBo15	2	81	1966
evenBo27.oddBo23	23	73	949
evenBo5.oddBo24	45	72	600
evenBo17.oddBo68	33	28	1910
evenBo4.oddBo15	46	81	1486
evenBo29.oddBo40	21	56	8369
evenBo40.oddBo51	10	45	10618
evenBo14.oddBo13	36	83	1489
evenBo43.oddBo49	7	47	1994
evenBo8.oddBo5	42	91	1318
evenBo6.oddBo69	44	27	566
evenBo25.oddBo10	25	86	2279
evenBo42.oddBo49	8	47	3065
evenBo18.oddBo33	32	63	2231
evenBo23.oddBo22	27	74	3403
evenBo45.oddBo65	5	31	2934
evenBo22.oddBo8	28	88	1008
evenBo2.oddBo11	48	85	308
evenBo26.oddBo7	24	89	2238
evenBo27.oddBo7	23	89	1818
evenBo21.oddBo12	29	84	950
evenBo47.oddBo47	3	49	1835
evenBo30.oddBo7	20	89	3098
evenBo33.oddBo2	17	94	527
evenBo2.oddBo26	48	70	318
evenBo25.oddBo27	25	69	4330
evenBo3.oddBo15	47	81	434
evenBo4.oddBo36	46	60	10339
evenBo30.oddBo5	20	91	1113
evenBo8.oddBo28	42	68	3250
evenBo21.oddBo27	29	69	2324
evenBo34.oddBo3	16	93	987
evenBo49.oddBo5	1	91	669
evenBo3.oddBo10	47	86	262
evenBo38.oddBo3	12	93	956
evenBo30.oddBo34	20	62	2830
evenBo35.oddBo35	15	61	6605
evenBo45.oddBo10	5	86	1314
evenBo25.oddBo18	25	78	1622
evenBo32.oddBo1	18	95	1778
evenBo24.oddBo11	26	85	1174
evenBo16.oddBo2	34	94	1808
evenBo40.oddBo7	10	89	934
evenBo48.oddBo37	2	59	1142
evenBo23.oddBo17	27	79	1080
evenBo7.oddBo24	43	72	1200
evenBo9.oddBo1	41	95	1073
evenBo40.oddBo6	10	90	1734
evenBo35.oddBo4	15	92	1046
evenBo14.oddBo70	36	26	2342
evenBo28.oddBo40	22	56	4281
evenBo42.oddBo7	8	89	1095
evenBo49.oddBo64	1	32	1391
evenBo12.oddBo6	38	90	440
evenBo4.oddBo41	46	55	5191
evenBo12.oddBo17	38	79	581
evenBo3.oddBo66	47	30	1116
evenBo46.oddBo62	4	34	1858
evenBo4.oddBo61	46	35	1192
evenBo6.oddBo32	44	64	1723
evenBo18.oddBo68	32	28	4600
evenBo4.oddBo60	46	36	758
evenBo11.oddBo18	39	78	797
evenBo42.oddBo24	8	72	3289
evenBo4.oddBo20	46	76	750
evenBo27.oddBo37	23	59	10506
evenBo15.oddBo9	35	87	331
evenBo49.oddBo20	1	76	4389
evenBo41.oddBo8	9	88	1438
evenBo10.oddBo30	40	66	2114
evenBo47.oddBo27	3	69	6612
evenBo44.oddBo50	6	46	1006
evenBo4.oddBo32	46	64	554
evenBo3.oddBo30	47	66	937
evenBo50.oddBo34	0	62	901
evenBo7.oddBo68	43	28	741
evenBo28.oddBo14	22	82	883
evenBo20.oddBo16	30	80	2580
evenBo20.oddBo18	30	78	1941
evenBo45.oddBo52	5	44	2452
evenBo46.oddBo47	4	49	934
evenBo29.oddBo26	21	70	2813
evenBo31.oddBo18	19	78	1049
evenBo42.oddBo2	8	94	1255
evenBo40.oddBo8	10	88	1567
evenBo43.oddBo11	7	85	1752
evenBo9.oddBo9	41	87	739
evenBo4.oddBo49	46	47	328
evenBo12.oddBo23	38	73	950
evenBo12.oddBo8	38	88	429
evenBo1.oddBo47	49	49	330
evenBo31.oddBo30	19	66	9368
evenBo13.oddBo6	37	90	1156
evenBo22.oddBo14	28	82	2223
evenBo9.oddBo68	41	28	2292
evenBo43.oddBo6	7	90	1387
evenBo10.oddBo41	40	55	5035
evenBo40.oddBo17	10	79	2767
evenBo2.oddBo20	48	76	598
evenBo29.oddBo11	21	85	1026
evenBo39.oddBo44	11	52	1615
evenBo32.oddBo3	18	93	862
evenBo44.oddBo40	6	56	2365
evenBo2.oddBo1	48	95	553
evenBo31.oddBo21	19	75	3632
evenBo47.oddBo9	3	87	877
evenBo21.oddBo20	29	76	1018
evenBo44.oddBo9	6	87	594
evenBo39.oddBo50	11	46	5061
evenBo25.oddBo13	25	83	556
evenBo46.oddBo50	4	46	624
evenBo8.oddBo22	42	74	2305
evenBo41.oddBo5	9	91	1293
evenBo48.oddBo5	2	91	523
evenBo6.oddBo23	44	73	2026
evenBo9.oddBo3	41	93	410
evenBo19.oddBo3	31	93	1250
evenBo3.oddBo67	47	29	764
evenBo48.oddBo38	2	58	1199
evenBo9.oddBo5	41	91	818
evenBo6.oddBo70	44	26	1110
evenBo18.oddBo24	32	72	2018
evenBo50.oddBo41	0	55	770
evenBo2.oddBo6	48	90	564
evenBo9.oddBo12	41	84	561
evenBo8.oddBo16	42	80	1893
evenBo15.oddBo20	35	76	2018
evenBo49.oddBo1	1	95	1996
evenBo27.oddBo22	23	74	2048
evenBo2.oddBo21	48	75	991
evenBo3.oddBo53	47	43	453
evenBo6.oddBo25	44	71	934
evenBo1.oddBo66	49	30	505
evenBo15.oddBo69	35	27	3852
evenBo36.oddBo24	14	72	4025
evenBo18.oddBo9	32	87	791
evenBo8.oddBo13	42	83	735
evenBo39.oddBo39	11	57	2161
evenBo27.oddBo10	23	86	740
evenBo33.oddBo4	17	92	1206
evenBo47.oddBo37	3	59	873
evenBo27.oddBo4	23	92	2116
evenBo45.oddBo5	5	91	1213
evenBo4.oddBo34	46	62	892
evenBo6.oddBo19	44	77	652
evenBo30.oddBo3	20	93	847
evenBo48.oddBo4	2	92	1117
evenBo49.oddBo12	1	84	1572
evenBo6.oddBo27	44	69	730
evenBo26.oddBo14	24	82	766
evenBo19.oddBo8	31	88	1615
evenBo26.oddBo6	24	90	1633
evenBo18.oddBo17	32	79	3015
evenBo35.oddBo18	15	78	2575
evenBo17.oddBo10	33	86	1701
evenBo5.oddBo39	45	57	1407
evenBo12.oddBo15	38	81	595
evenBo46.oddBo10	4	86	1698
evenBo7.oddBo17	43	79	401
evenBo5.oddBo29	45	67	954
evenBo5.oddBo10	45	86	510
evenBo7.oddBo14	43	82	770
evenBo45.oddBo49	5	47	1027
evenBo4.oddBo56	46	40	1962
evenBo25.oddBo15	25	81	939
evenBo36.oddBo8	14	88	1038
evenBo3.oddBo11	47	85	556
evenBo11.oddBo5	39	91	300
evenBo7.oddBo69	43	27	831
evenBo46.oddBo3	4	93	1328
evenBo32.oddBo28	18	68	3611
evenBo14.oddBo10	36	86	718
evenBo16.oddBo6	34	90	1389
evenBo13.oddBo14	37	82	569
evenBo3.oddBo60	47	36	270
evenBo13.oddBo27	37	69	1937
evenBo7.oddBo9	43	87	828
evenBo45.oddBo11	5	85	2182
evenBo3.oddBo63	47	33	403
evenBo4.oddBo14	46	82	1606
evenBo22.oddBo17	28	79	961
evenBo37.oddBo2	13	94	878
evenBo48.oddBo42	2	54	649
evenBo49.oddBo46	1	50	769
evenBo3.oddBo51	47	45	531
evenBo1.oddBo24	49	72	617
evenBo46.oddBo60	4	36	1944
evenBo10.oddBo21	40	75	2154
evenBo2.oddBo53	48	43	1732
evenBo1.oddBo43	49	53	712
evenBo47.oddBo30	3	66	3098
evenBo28.oddBo4	22	92	528
evenBo4.oddBo67	46	29	608
evenBo5.oddBo62	45	34	949
evenBo1.oddBo19	49	77	849
evenBo5.oddBo53	45	43	2349
evenBo17.oddBo2	33	94	908
evenBo9.oddBo43	41	53	2151
evenBo13.oddBo22	37	74	1690
evenBo41.oddBo7	9	89	982
evenBo46.oddBo61	4	35	2197
evenBo17.oddBo64	33	32	3250
evenBo9.oddBo64	41	32	2305
evenBo21.oddBo13	29	83	1545
evenBo31.oddBo4	19	92	807
evenBo43.oddBo8	7	88	1194
evenBo50.oddBo10	0	86	214
evenBo1.oddBo55	49	41	847
evenBo47.oddBo35	3	61	15251
evenBo3.oddBo58	47	38	412
evenBo30.oddBo23	20	73	2278
evenBo44.oddBo49	6	47	2109
evenBo3.oddBo13	47	83	318
evenBo2.oddBo60	48	36	810
evenBo22.oddBo15	28	81	3068
evenBo40.oddBo26	10	70	8468
evenBo48.oddBo26	2	70	4941
evenBo2.oddBo35	48	61	413
evenBo23.oddBo16	27	80	1179
evenBo38.oddBo6	12	90	971
evenBo48.oddBo51	2	45	1436
evenBo12.oddBo10	38	86	303
evenBo19.oddBo12	31	84	1032
evenBo4.oddBo16	46	80	553
evenBo46.oddBo63	4	33	1827
evenBo10.oddBo4	40	92	1168
evenBo26.oddBo25	24	71	2182
evenBo4.oddBo39	46	57	3589
evenBo2.oddBo55	48	41	560
evenBo11.oddBo66	39	30	1640
evenBo45.oddBo61	5	35	3566
evenBo15.oddBo3	35	93	598
evenBo25.oddBo16	25	80	1631
evenBo49.oddBo14	1	82	1837
evenBo5.oddBo28	45	68	945
evenBo44.oddBo6	6	90	782
evenBo49.oddBo29	1	67	1646
evenBo9.oddBo21	41	75	2539
evenBo47.oddBo54	3	42	10801
evenBo26.oddBo11	24	85	1464
evenBo47.oddBo13	3	83	1757
evenBo35.oddBo6	15	90	463
evenBo47.oddBo46	3	50	1135
evenBo20.oddBo6	30	90	588
evenBo2.oddBo7	48	89	973
evenBo36.oddBo3	14	93	843
evenBo25.oddBo23	25	73	786
evenBo23.oddBo1	27	95	803
evenBo6.oddBo65	44	31	1567
evenBo48.oddBo50	2	46	1052
evenBo36.oddBo17	14	79	1862
evenBo5.oddBo13	45	83	2087
evenBo4.oddBo27	46	69	1332
evenBo33.oddBo7	17	89	777
evenBo2.oddBo64	48	32	1474
evenBo22.oddBo18	28	78	564
evenBo40.oddBo3	10	93	1634
evenBo8.oddBo60	42	36	5922
evenBo20.oddBo19	30	77	2037
evenBo39.oddBo4	11	92	656
evenBo8.oddBo4	42	92	1170
evenBo16.oddBo5	34	91	1128
evenBo49.oddBo40	1	56	1015
evenBo31.oddBo15	19	81	1955
evenBo32.oddBo26	18	70	2087
evenBo3.oddBo6	47	90	548
evenBo3.oddBo49	47	47	458
evenBo44.oddBo10	6	86	521
evenBo38.oddBo7	12	89	754
evenBo20.oddBo29	30	67	2877
evenBo44.oddBo36	6	60	3339
evenBo2.oddBo4	48	92	880
evenBo5.oddBo60	45	36	487
evenBo37.oddBo5	13	91	1560
evenBo3.oddBo48	47	48	387
evenBo47.oddBo8	3	88	681
evenBo17.oddBo1	33	95	1667
evenBo11.oddBo68	39	28	681
evenBo17.oddBo12	33	84	8189
evenBo47.oddBo42	3	54	962
evenBo44.oddBo48	6	48	1168
evenBo13.oddBo69	37	27	2608
evenBo38.oddBo18	12	78	1957
evenBo9.oddBo10	41	86	523
evenBo4.oddBo69	46	27	2549
evenBo9.oddBo20	41	76	1113
evenBo18.oddBo64	32	32	4221
evenBo40.oddBo4	10	92	1632
evenBo50.oddBo26	0	70	3632
evenBo1.oddBo18	49	78	1595
evenBo8.oddBo27	42	69	3485
evenBo25.oddBo22	25	74	1671
evenBo8.oddBo70	42	26	1065
evenBo49.oddBo13	1	83	810
evenBo1.oddBo58	49	38	1802
evenBo41.oddBo1	9	95	947
evenBo39.oddBo9	11	87	1056
evenBo1.oddBo53	49	43	866
evenBo43.oddBo9	7	87	931
evenBo8.oddBo6	42	90	354
evenBo9.oddBo23	41	73	1543
evenBo12.oddBo9	38	87	2436
evenBo50.oddBo1	0	95	576
evenBo11.oddBo8	39	88	552
evenBo23.oddBo13	27	83	1395
evenBo39.oddBo8	11	88	915
evenBo3.oddBo12	47	84	590
evenBo46.oddBo45	4	51	542
evenBo43.oddBo4	7	92	339
evenBo7.oddBo1	43	95	745
evenBo37.oddBo9	13	87	1266
evenBo7.oddBo30	43	66	4057
evenBo4.oddBo37	46	59	2944
evenBo34.oddBo5	16	91	961
evenBo3.oddBo22	47	74	886
evenBo41.oddBo10	9	86	4228
evenBo2.oddBo42	48	54	380
evenBo8.oddBo32	42	64	2295
evenBo10.oddBo5	40	91	407
evenBo4.oddBo66	46	30	150
evenBo50.oddBo40	0	56	698
evenBo30.oddBo9	20	87	1701
evenBo1.oddBo7	49	89	450
evenBo3.oddBo57	47	39	1339
evenBo18.oddBo7	32	89	474
evenBo50.oddBo36	0	60	314
evenBo40.oddBo18	10	78	2082
evenBo26.oddBo8	24	88	1598
evenBo50.oddBo43	0	53	354
evenBo11.oddBo1	39	95	1423
evenBo23.oddBo11	27	85	1013
evenBo49.oddBo51	1	45	958
evenBo8.oddBo57	42	39	10485
evenBo36.oddBo1	14	95	1553
evenBo2.oddBo49	48	47	193
evenBo1.oddBo31	49	65	482
evenBo9.oddBo7	41	89	2173
evenBo30.oddBo27	20	69	1715
evenBo28.oddBo11	22	85	868
evenBo1.oddBo39	49	57	1546
evenBo9.oddBo70	41	26	556
evenBo14.oddBo11	36	85	1133
evenBo32.oddBo13	18	83	1476
evenBo2.oddBo40	48	56	513
evenBo5.oddBo56	45	40	631
evenBo6.oddBo12	44	84	981
evenBo27.oddBo18	23	78	1232
evenBo35.oddBo2	15	94	687
evenBo11.oddBo24	39	72	1023
evenBo5.oddBo42	45	54	1162
evenBo8.oddBo24	42	72	1845
evenBo8.oddBo3	42	93	1014
evenBo20.oddBo4	30	92	1035
evenBo5.oddBo67	45	29	207
evenBo3.oddBo43	47	53	4519
evenBo35.oddBo12	15	84	1793
evenBo5.oddBo18	45	78	241
evenBo18.oddBo6	32	90	350
evenBo47.oddBo62	3	34	1933
evenBo10.oddBo14	40	82	1098
evenBo47.oddBo4	3	92	412
evenBo23.oddBo9	27	87	2400
evenBo47.oddBo6	3	90	405
evenBo9.oddBo26	41	70	3912
evenBo49.oddBo39	1	57	713
evenBo1.oddBo60	49	36	676
evenBo31.oddBo17	19	79	486
evenBo4.oddBo13	46	83	936
evenBo2.oddBo28	48	68	757
evenBo11.oddBo7	39	89	509
evenBo4.oddBo9	46	87	870
evenBo1.oddBo69	49	27	294
evenBo25.oddBo11	25	85	672
evenBo35.oddBo1	15	95	781
evenBo8.oddBo14	42	82	1678
evenBo10.oddBo20	40	76	1041
evenBo21.oddBo5	29	91	1711
evenBo49.oddBo35	1	61	494
evenBo6.oddBo68	44	28	899
evenBo2.oddBo14	48	82	892
evenBo10.oddBo10	40	86	923
evenBo6.oddBo52	44	44	3281
evenBo31.oddBo26	19	70	2511
evenBo21.oddBo17	29	79	1646
evenBo27.oddBo27	23	69	739
evenBo35.oddBo7	15	89	1448
evenBo33.oddBo14	17	82	2453
evenBo44.oddBo47	6	49	1768
evenBo4.oddBo68	46	28	588
evenBo50.oddBo46	0	50	538
evenBo2.oddBo22	48	74	695
evenBo7.oddBo12	43	84	1640
evenBo20.oddBo2	30	94	453
evenBo25.oddBo24	25	72	1781
evenBo48.oddBo8	2	88	812
evenBo2.oddBo15	48	81	279
evenBo1.oddBo35	49	61	253
evenBo3.oddBo36	47	60	1090
evenBo47.oddBo14	3	82	1825
evenBo25.oddBo25	25	71	2263
evenBo15.oddBo26	35	70	3293
evenBo45.oddBo29	5	67	1217
evenBo2.oddBo5	48	91	662
evenBo10.oddBo34	40	62	2066
evenBo28.oddBo33	22	63	1850
evenBo1.oddBo6	49	90	487
evenBo49.oddBo9	1	87	554
evenBo24.oddBo13	26	83	2545
evenBo43.oddBo45	7	51	3254
evenBo22.oddBo20	28	76	1326
evenBo44.oddBo35	6	61	4681
evenBo5.oddBo27	45	69	259
evenBo3.oddBo45	47	51	856
evenBo1.oddBo11	49	85	945
evenBo15.oddBo31	35	65	1468
evenBo7.oddBo18	43	78	346
evenBo4.oddBo21	46	75	1840
evenBo25.oddBo7	25	89	2743
evenBo2.oddBo69	48	27	1282
evenBo7.oddBo54	43	42	2322
evenBo39.oddBo1	11	95	631
evenBo5.oddBo68	45	28	462
evenBo6.oddBo17	44	79	865
evenBo49.oddBo17	1	79	723
evenBo1.oddBo17	49	79	335
evenBo12.oddBo11	38	85	399
evenBo49.oddBo55	1	41	1344
evenBo22.oddBo3	28	93	964
evenBo26.oddBo36	24	60	5395
evenBo9.oddBo13	41	83	453
evenBo48.oddBo43	2	53	317
evenBo8.oddBo11	42	85	1114
evenBo45.oddBo4	5	92	600
evenBo7.oddBo56	43	40	2174
evenBo1.oddBo16	49	80	277
evenBo28.oddBo21	22	75	5170
evenBo44.oddBo4	6	92	666
evenBo13.oddBo8	37	88	1181
evenBo4.oddBo4	46	92	274
evenBo47.oddBo5	3	91	1808
evenBo15.oddBo4	35	92	372
evenBo49.oddBo15	1	81	1072
evenBo2.oddBo51	48	45	927
evenBo26.oddBo3	24	93	538
evenBo2.oddBo59	48	37	259
evenBo14.oddBo20	36	76	1006
evenBo2.oddBo52	48	44	913
evenBo48.oddBo3	2	93	1506
evenBo21.oddBo4	29	92	597
evenBo13.oddBo9	37	87	448
evenBo1.oddBo38	49	58	837
evenBo22.oddBo12	28	84	809
evenBo39.oddBo3	11	93	604
evenBo13.oddBo20	37	76	1587
evenBo15.oddBo13	35	83	1200
evenBo37.oddBo18	13	78	1161
evenBo16.oddBo9	34	87	434
evenBo24.oddBo10	26	86	2881
evenBo1.oddBo34	49	62	342
evenBo36.oddBo27	14	69	1659
evenBo5.oddBo64	45	32	1116
evenBo1.oddBo70	49	26	728
evenBo6.oddBo10	44	86	328
evenBo3.oddBo50	47	46	339
evenBo4.oddBo28	46	68	1288
evenBo45.oddBo7	5	89	638
evenBo11.oddBo15	39	81	697
evenBo2.oddBo2	48	94	265
evenBo37.oddBo7	13	89	716
evenBo3.oddBo21	47	75	326
evenBo24.oddBo2	26	94	919
evenBo19.oddBo4	31	92	419
evenBo10.oddBo15	40	81	693
evenBo50.oddBo39	0	57	552
evenBo48.oddBo46	2	50	396
evenBo4.oddBo24	46	72	799
evenBo47.oddBo12	3	84	1381
evenBo7.oddBo8	43	88	713
evenBo28.oddBo26	22	70	2230
evenBo31.oddBo12	19	84	2258
evenBo30.oddBo22	20	74	2246
evenBo10.oddBo18	40	78	706
evenBo2.oddBo46	48	50	994
evenBo7.oddBo27	43	69	825
evenBo14.oddBo7	36	89	1376
evenBo2.oddBo41	48	55	307
evenBo9.oddBo17	41	79	990
evenBo30.oddBo4	20	92	802
evenBo1.oddBo5	49	91	763
evenBo14.oddBo12	36	84	701
evenBo50.oddBo48	0	48	1009
evenBo36.oddBo7	14	89	607
evenBo24.oddBo9	26	87	626
evenBo29.oddBo10	21	86	1088
evenBo9.oddBo16	41	80	539
evenBo4.oddBo12	46	84	532
evenBo23.oddBo8	27	88	1976
evenBo50.oddBo32	0	64	909
evenBo49.oddBo49	1	47	659
evenBo50.oddBo3	0	93	839
evenBo4.oddBo6	46	90	447
evenBo6.oddBo21	44	75	855
evenBo32.oddBo18	18	78	1281
evenBo10.oddBo19	40	77	1127
evenBo36.oddBo6	14	90	515
evenBo6.oddBo60	44	36	1027
evenBo12.oddBo13	38	83	578
evenBo12.oddBo2	38	94	523
evenBo26.oddBo4	24	92	593
evenBo1.oddBo28	49	68	527
evenBo17.oddBo4	33	92	690
evenBo32.oddBo48	18	48	3129
evenBo44.oddBo51	6	45	1095
evenBo3.oddBo65	47	31	480
evenBo46.oddBo11	4	85	1997
evenBo7.oddBo32	43	64	5123
evenBo2.oddBo8	48	88	1250
evenBo47.oddBo38	3	58	1104
evenBo6.oddBo62	44	34	569
evenBo16.oddBo12	34	84	958
evenBo4.oddBo3	46	93	1443
evenBo48.oddBo41	2	55	1234
evenBo7.oddBo61	43	35	3068
evenBo15.oddBo8	35	88	244
evenBo4.oddBo42	46	54	904
evenBo39.oddBo48	11	48	2262
evenBo5.oddBo19	45	77	200
evenBo15.oddBo46	35	50	1621
evenBo4.oddBo18	46	78	1156
evenBo10.oddBo9	40	87	293
evenBo22.oddBo5	28	91	847
evenBo28.oddBo18	22	78	765
evenBo7.oddBo7	43	89	909
evenBo46.oddBo2	4	94	627
evenBo28.oddBo16	22	80	1569
evenBo2.oddBo29	48	67	934
evenBo6.oddBo61	44	35	1422
evenBo46.oddBo46	4	50	1380
evenBo34.oddBo6	16	90	332
evenBo33.oddBo6	17	90	636
evenBo20.oddBo10	30	86	3027
evenBo2.oddBo24	48	72	438
evenBo2.oddBo58	48	38	912
evenBo13.oddBo32	37	64	2303
evenBo4.oddBo33	46	63	723
evenBo6.oddBo3	44	93	1184
evenBo46.oddBo48	4	48	809
evenBo12.oddBo47	38	49	2139
evenBo42.oddBo6	8	90	1099
evenBo46.oddBo5	4	91	648
evenBo49.oddBo7	1	89	424
evenBo49.oddBo34	1	62	820
evenBo26.oddBo12	24	84	884
evenBo3.oddBo23	47	73	312
evenBo1.oddBo40	49	56	589
evenBo5.oddBo35	45	61	1132
evenBo10.oddBo32	40	64	1275
evenBo5.oddBo26	45	70	344
evenBo2.oddBo18	48	78	227
evenBo23.oddBo14	27	82	904
evenBo45.oddBo6	5	90	1400
evenBo32.oddBo12	18	84	783
evenBo28.oddBo27	22	69	895
evenBo2.oddBo63	48	33	1336
evenBo9.oddBo67	41	29	1880
evenBo7.oddBo13	43	83	664
evenBo3.oddBo44	47	52	843
evenBo1.oddBo30	49	66	497
evenBo12.oddBo5	38	91	288
evenBo5.oddBo12	45	84	303
evenBo2.oddBo50	48	46	231
evenBo47.oddBo43	3	53	1134
evenBo7.oddBo10	43	86	239
evenBo1.oddBo42	49	54	424
evenBo3.oddBo2	47	94	268
evenBo4.oddBo29	46	67	570
evenBo45.oddBo46	5	50	1017
evenBo1.oddBo12	49	84	298
evenBo2.oddBo33	48	63	677
evenBo2.oddBo45	48	51	719
evenBo14.oddBo8	36	88	1117
evenBo14.oddBo5	36	91	1386
evenBo17.oddBo11	33	85	1254
evenBo5.oddBo69	45	27	325
evenBo50.oddBo14	0	82	711
evenBo18.oddBo70	32	26	1725
evenBo5.oddBo70	45	26	522
evenBo4.oddBo22	46	74	1108
evenBo8.oddBo66	42	30	1198
evenBo24.oddBo4	26	92	687
evenBo44.oddBo8	6	88	601
evenBo23.oddBo2	27	94	579
evenBo38.oddBo4	12	92	924
evenBo29.oddBo15	21	81	1082
evenBo7.oddBo20	43	76	432
evenBo5.oddBo2	45	94	1317
evenBo11.oddBo6	39	90	316
evenBo3.oddBo8	47	88	557
evenBo10.oddBo33	40	63	1604
evenBo50.oddBo6	0	90	518
evenBo50.oddBo2	0	94	894
evenBo4.oddBo55	46	41	1404
evenBo37.oddBo8	13	88	541
evenBo22.oddBo30	28	66	1114
evenBo10.oddBo6	40	90	586
evenBo5.oddBo59	45	37	671
evenBo6.oddBo18	44	78	735
evenBo1.oddBo65	49	31	812
evenBo10.oddBo28	40	68	3086
evenBo23.oddBo18	27	78	1154
evenBo12.oddBo4	38	92	600
evenBo8.oddBo18	42	78	1614
evenBo5.oddBo23	45	73	656
evenBo35.oddBo3	15	93	1012
evenBo4.oddBo57	46	39	388
evenBo1.oddBo51	49	45	385
evenBo7.oddBo15	43	81	435
evenBo30.oddBo2	20	94	321
evenBo16.oddBo10	34	86	690
evenBo11.oddBo4	39	92	274
evenBo32.oddBo10	18	86	1224
evenBo13.oddBo4	37	92	883
evenBo30.oddBo1	20	95	413
evenBo2.oddBo47	48	49	333
evenBo9.oddBo15	41	81	534
evenBo48.oddBo10	2	86	1234
evenBo5.oddBo6	45	90	458
evenBo3.oddBo20	47	76	333
evenBo3.oddBo33	47	63	348
evenBo41.oddBo6	9	90	856
evenBo31.oddBo13	19	83	1128
evenBo1.oddBo44	49	52	166
evenBo4.oddBo25	46	71	548
evenBo5.oddBo25	45	71	488
evenBo49.oddBo2	1	94	659
evenBo50.oddBo49	0	47	680
evenBo2.oddBo36	48	60	467
evenBo1.oddBo29	49	67	368
evenBo46.oddBo7	4	89	460
evenBo1.oddBo4	49	92	339
evenBo47.oddBo1	3	95	395
evenBo1.oddBo1	49	95	459
evenBo2.oddBo17	48	79	635
evenBo6.oddBo7	44	89	264
evenBo1.oddBo21	49	75	1029
evenBo10.oddBo8	40	88	391
evenBo31.oddBo5	19	91	689
evenBo48.oddBo1	2	95	454
evenBo9.oddBo14	41	82	389
evenBo1.oddBo54	49	42	1144
evenBo31.oddBo2	19	94	757
evenBo15.oddBo17	35	79	1044
evenBo9.oddBo41	41	55	2242
evenBo44.oddBo7	6	89	738
evenBo25.oddBo2	25	94	533
evenBo6.oddBo4	44	92	222
evenBo12.oddBo1	38	95	745
evenBo47.oddBo44	3	52	332
evenBo1.oddBo57	49	39	304
evenBo15.oddBo19	35	77	930
evenBo7.oddBo11	43	85	750
evenBo5.oddBo4	45	92	384
evenBo7.oddBo23	43	73	451
evenBo46.oddBo4	4	92	772
evenBo1.oddBo48	49	48	546
evenBo8.oddBo7	42	89	423
evenBo2.oddBo44	48	52	1137
evenBo22.oddBo4	28	92	352
evenBo10.oddBo2	40	94	931
evenBo3.oddBo69	47	27	625
evenBo7.oddBo3	43	93	527
evenBo5.oddBo66	45	30	275
evenBo7.oddBo5	43	91	373
evenBo6.oddBo15	44	81	510
evenBo2.oddBo34	48	62	200
evenBo3.oddBo4	47	92	189
evenBo18.oddBo3	32	93	769
evenBo6.oddBo14	44	82	611
evenBo3.oddBo47	47	49	808
evenBo7.oddBo2	43	94	445
evenBo4.oddBo23	46	73	544
evenBo2.oddBo12	48	84	353
evenBo5.oddBo14	45	82	182
evenBo2.oddBo62	48	34	304
evenBo3.oddBo27	47	69	207
evenBo5.oddBo9	45	87	200
evenBo10.oddBo17	40	79	286
evenBo3.oddBo68	47	28	667
evenBo11.oddBo13	39	83	276
evenBo4.oddBo26	46	70	399
evenBo2.oddBo9	48	87	530
evenBo5.oddBo8	45	88	139
evenBo2.oddBo61	48	35	428
evenBo2.oddBo68	48	28	158
evenBo22.oddBo6	28	90	331
evenBo2.oddBo39	48	57	220
evenBo17.oddBo6	33	90	361
evenBo50.oddBo47	0	49	475
evenBo39.oddBo6	11	90	111
evenBo2.oddBo13	48	83	231
